Date,date_type,MMWR_week,Location,Administered_Daily,Administered_Cumulative,Admin_Dose_1_Daily,Admin_Dose_1_Cumulative,Administered_Dose1_Pop_Pct,Series_Complete_Daily,Series_Complete_Cumulative,Booster_Daily,Booster_Cumulative,Column1,Week_Total,Week_Dose_1,Week_Complete_series,Week_Booster
2023/3/15 0:00,Admin,11,IN,1086,11151158,231,4342468,64.5,114,3891194,200,1987230,1,,,,
2023/3/14 0:00,Admin,11,IN,1094,11150072,208,4342237,64.5,115,3891080,228,1987030,,,,,
2023/3/13 0:00,Admin,11,IN,998,11148978,188,4342029,64.5,123,3890965,212,1986802,,,,,
2023/3/12 0:00,Admin,11,IN,162,11147980,30,4341841,64.5,11,3890842,33,1986590,,,,,
2023/3/11 0:00,Admin,10,IN,364,11147818,44,4341811,64.5,40,3890831,74,1986557,,,,,
2023/3/10 0:00,Admin,10,IN,1002,11147454,210,4341767,64.5,114,3890791,236,1986483,,,,,
2023/3/9 0:00,Admin,10,IN,1146,11146452,228,4341557,64.5,138,3890677,219,1986247,,,,,
2023/3/8 0:00,Admin,10,IN,1115,11145306,188,4341329,64.5,118,3890539,229,1986028,1,,,,
2023/3/7 0:00,Admin,10,IN,1172,11144191,217,4341141,64.5,170,3890421,199,1985799,,,,,
2023/3/6 0:00,Admin,10,IN,1168,11143019,216,4340924,64.5,110,3890251,254,1985600,,,,,
2023/3/5 0:00,Admin,10,IN,198,11141851,33,4340708,64.5,16,3890141,32,1985346,,,,,
2023/3/4 0:00,Admin,9,IN,401,11141653,61,4340675,64.5,42,3890125,65,1985314,,,,,
2023/3/3 0:00,Admin,9,IN,1155,11141252,266,4340614,64.5,111,3890083,235,1985249,,,,,
2023/3/2 0:00,Admin,9,IN,1196,11140097,222,4340348,64.5,135,3889972,222,1985014,,,,,
2023/3/1 0:00,Admin,9,IN,1274,11138901,245,4340126,64.5,137,3889837,248,1984792,1,,,,
2023/2/28 0:00,Admin,9,IN,1397,11137627,252,4339881,64.5,138,3889700,281,1984544,,,,,
2023/2/27 0:00,Admin,9,IN,1340,11136230,283,4339629,64.5,141,3889562,251,1984263,,,,,
2023/2/26 0:00,Admin,9,IN,180,11134890,31,4339346,64.5,20,3889421,17,1984012,,,,,
2023/2/25 0:00,Admin,8,IN,431,11134710,56,4339315,64.5,28,3889401,78,1983995,,,,,
2023/2/24 0:00,Admin,8,IN,1356,11134279,264,4339259,64.5,131,3889373,249,1983917,,,,,
2023/2/23 0:00,Admin,8,IN,1334,11132923,243,4338995,64.5,159,3889242,268,1983668,,,,,
2023/2/22 0:00,Admin,8,IN,1247,11131589,221,4338752,64.4,169,3889083,230,1983400,1,,,,
2023/2/21 0:00,Admin,8,IN,1389,11130342,272,4338531,64.4,157,3888914,249,1983170,,,,,
2023/2/20 0:00,Admin,8,IN,1275,11128953,215,4338259,64.4,131,3888757,267,1982921,,,,,
2023/2/19 0:00,Admin,8,IN,212,11127678,32,4338044,64.4,15,3888626,39,1982654,,,,,
2023/2/18 0:00,Admin,7,IN,442,11127466,82,4338012,64.4,50,3888611,67,1982615,,,,,
2023/2/17 0:00,Admin,7,IN,1332,11127024,246,4337930,64.4,121,3888561,259,1982548,,,,,
2023/2/16 0:00,Admin,7,IN,1329,11125692,269,4337684,64.4,148,3888440,236,1982289,,,,,
2023/2/15 0:00,Admin,7,IN,1458,11124363,267,4337415,64.4,160,3888292,290,1982053,1,,,,
2023/2/14 0:00,Admin,7,IN,1344,11122905,263,4337148,64.4,168,3888132,252,1981763,,,,,
2023/2/13 0:00,Admin,7,IN,1462,11121561,231,4336885,64.4,161,3887964,314,1981511,,,,,
2023/2/12 0:00,Admin,7,IN,244,11120099,34,4336654,64.4,23,3887803,45,1981197,,,,,
2023/2/11 0:00,Admin,6,IN,290,11119855,45,4336620,64.4,31,3887780,47,1981152,,,,,
2023/2/10 0:00,Admin,6,IN,127,11119565,63,4336575,64.4,20,3887749,35,1981105,,,,,
2023/2/9 0:00,Admin,6,IN,1325,11119438,220,4336512,64.4,134,3887729,303,1981070,,,,,
2023/2/8 0:00,Admin,6,IN,1880,11118113,270,4336292,64.4,172,3887595,370,1980767,1,,,,
2023/2/7 0:00,Admin,6,IN,1648,11116233,289,4336022,64.4,161,3887423,343,1980397,,,,,
2023/2/6 0:00,Admin,6,IN,1645,11114585,257,4335733,64.4,131,3887262,293,1980054,,,,,
2023/2/5 0:00,Admin,6,IN,298,11112940,51,4335476,64.4,26,3887131,39,1979761,,,,,
2023/2/4 0:00,Admin,5,IN,303,11112642,57,4335425,64.4,36,3887105,59,1979722,,,,,
2023/2/3 0:00,Admin,5,IN,171,11112339,75,4335368,64.4,29,3887069,40,1979663,,,,,
2023/2/2 0:00,Admin,5,IN,1316,11112168,232,4335293,64.4,133,3887040,268,1979623,,,,,
2023/2/1 0:00,Admin,5,IN,1653,11110852,331,4335061,64.4,245,3886907,320,1979355,1,,,,
2023/1/31 0:00,Admin,5,IN,1672,11109199,293,4334730,64.4,186,3886662,335,1979035,,,,,
2023/1/30 0:00,Admin,5,IN,1807,11107527,267,4334437,64.4,185,3886476,389,1978700,,,,,
2023/1/29 0:00,Admin,5,IN,330,11105720,48,4334170,64.4,31,3886291,61,1978311,,,,,
2023/1/28 0:00,Admin,4,IN,431,11105390,62,4334122,64.4,39,3886260,70,1978250,,,,,
2023/1/27 0:00,Admin,4,IN,877,11104959,156,4334060,64.4,99,3886221,123,1978180,,,,,
2023/1/26 0:00,Admin,4,IN,4159,11104082,1325,4333904,64.4,494,3886122,790,1978057,,,,,
2023/1/25 0:00,Admin,4,IN,1068,11099923,216,4332579,64.4,130,3885628,231,1977267,1,,,,
2023/1/24 0:00,Admin,4,IN,2291,11098855,362,4332363,64.4,200,3885498,442,1977036,,,,,
2023/1/23 0:00,Admin,4,IN,1930,11096564,305,4332001,64.3,179,3885298,344,1976594,,,,,
2023/1/22 0:00,Admin,4,IN,359,11094634,43,4331696,64.3,26,3885119,61,1976250,,,,,
2023/1/21 0:00,Admin,3,IN,456,11094275,73,4331653,64.3,42,3885093,76,1976189,,,,,
2023/1/20 0:00,Admin,3,IN,166,11093819,77,4331580,64.3,23,3885051,32,1976113,,,,,
2023/1/19 0:00,Admin,3,IN,1855,11093653,274,4331503,64.3,137,3885028,364,1976081,,,,,
2023/1/18 0:00,Admin,3,IN,2506,11091798,360,4331229,64.3,220,3884891,431,1975717,1,,,,
2023/1/17 0:00,Admin,3,IN,2445,11089292,364,4330869,64.3,206,3884671,413,1975286,,,,,
2023/1/16 0:00,Admin,3,IN,2214,11086847,234,4330505,64.3,149,3884465,414,1974873,,,,,
2023/1/15 0:00,Admin,3,IN,375,11084633,41,4330271,64.3,34,3884316,63,1974459,,,,,
2023/1/14 0:00,Admin,2,IN,844,11084258,109,4330230,64.3,54,3884282,141,1974396,,,,,
2023/1/13 0:00,Admin,2,IN,2273,11083414,349,4330121,64.3,150,3884228,418,1974255,,,,,
2023/1/12 0:00,Admin,2,IN,3128,11081141,439,4329772,64.3,260,3884078,530,1973837,,,,,
2023/1/11 0:00,Admin,2,IN,3288,11078013,403,4329333,64.3,250,3883818,580,1973307,1,,,,
2023/1/10 0:00,Admin,2,IN,3311,11074725,441,4328930,64.3,304,3883568,550,1972727,,,,,
2023/1/9 0:00,Admin,2,IN,3174,11071414,399,4328489,64.3,263,3883264,517,1972177,,,,,
2023/1/8 0:00,Admin,2,IN,840,11068240,90,4328090,64.3,34,3883001,143,1971660,,,,,
2023/1/7 0:00,Admin,1,IN,1807,11067400,199,4328000,64.3,130,3882967,310,1971517,,,,,
2023/1/6 0:00,Admin,1,IN,4051,11065593,494,4327801,64.3,280,3882837,650,1971207,,,,,
2023/1/5 0:00,Admin,1,IN,3664,11061542,464,4327307,64.3,264,3882557,687,1970557,,,,,
2023/1/4 0:00,Admin,1,IN,3777,11057878,493,4326843,64.3,288,3882293,725,1969870,1,,,,
2023/1/3 0:00,Admin,1,IN,3815,11054101,510,4326350,64.3,305,3882005,654,1969145,,,,,
2023/1/2 0:00,Admin,1,IN,1732,11050286,190,4325840,64.3,130,3881700,281,1968491,,,,,
2023/1/1 0:00,Admin,1,IN,167,11048554,19,4325650,64.3,11,3881570,19,1968210,,,,,
2022/12/31 0:00,Admin,52,IN,912,11048387,82,4325631,64.3,42,3881559,158,1968191,,,,,
2022/12/30 0:00,Admin,52,IN,1646,11047475,206,4325549,64.3,117,3881517,288,1968033,,,,,
2022/12/29 0:00,Admin,52,IN,3016,11045829,337,4325343,64.2,265,3881400,606,1967745,,,,,
2022/12/28 0:00,Admin,52,IN,4227,11042813,451,4325006,64.2,339,3881135,742,1967139,1,,,,
2022/12/27 0:00,Admin,52,IN,4122,11038586,500,4324555,64.2,343,3880796,730,1966397,,,,,
2022/12/26 0:00,Admin,52,IN,1203,11034464,128,4324055,64.2,88,3880453,228,1965667,,,,,
2022/12/25 0:00,Admin,52,IN,33,11033261,4,4323927,64.2,0,3880365,6,1965439,,,,,
2022/12/24 0:00,Admin,51,IN,105,11033228,22,4323923,64.2,7,3880365,12,1965433,,,,,
2022/12/23 0:00,Admin,51,IN,33,11033123,36,4323901,64.2,9,3880358,14,1965421,,,,,
2022/12/22 0:00,Admin,51,IN,2606,11033090,349,4323865,64.2,207,3880349,506,1965407,,,,,
2022/12/21 0:00,Admin,51,IN,5050,11030484,571,4323516,64.2,313,3880142,887,1964901,1,,,,
2022/12/20 0:00,Admin,51,IN,5548,11025434,614,4322945,64.2,346,3879829,938,1964014,,,,,
2022/12/19 0:00,Admin,51,IN,6006,11019886,604,4322331,64.2,359,3879483,966,1963076,,,,,
2022/12/18 0:00,Admin,51,IN,1617,11013880,140,4321727,64.2,99,3879124,273,1962110,,,,,
2022/12/17 0:00,Admin,50,IN,1553,11012263,151,4321587,64.2,85,3879025,260,1961837,,,,,
2022/12/16 0:00,Admin,50,IN,527,11010710,193,4321436,64.2,72,3878940,105,1961577,,,,,
2022/12/15 0:00,Admin,50,IN,4334,11010183,469,4321243,64.2,312,3878868,701,1961472,,,,,
2022/12/14 0:00,Admin,50,IN,6236,11005849,668,4320774,64.2,403,3878556,980,1960771,1,,,,
2022/12/13 0:00,Admin,50,IN,6730,10999613,675,4320106,64.2,457,3878153,1008,1959791,,,,,
2022/12/12 0:00,Admin,50,IN,6381,10992883,547,4319431,64.2,401,3877696,1009,1958783,,,,,
2022/12/11 0:00,Admin,50,IN,1940,10986502,148,4318884,64.2,111,3877295,316,1957774,,,,,
2022/12/10 0:00,Admin,49,IN,1847,10984562,168,4318736,64.2,101,3877184,275,1957458,,,,,
2022/12/9 0:00,Admin,49,IN,549,10982715,176,4318568,64.1,74,3877083,130,1957183,,,,,
2022/12/8 0:00,Admin,49,IN,4650,10982166,516,4318392,64.1,326,3877009,687,1957053,,,,,
2022/12/7 0:00,Admin,49,IN,6792,10977516,659,4317876,64.1,397,3876683,1051,1956366,1,,,,
2022/12/6 0:00,Admin,49,IN,6627,10970724,617,4317217,64.1,442,3876286,1053,1955315,,,,,
2022/12/5 0:00,Admin,49,IN,6170,10964097,548,4316600,64.1,442,3875844,969,1954262,,,,,
2022/12/4 0:00,Admin,49,IN,1802,10957927,156,4316052,64.1,100,3875402,327,1953293,,,,,
2022/12/3 0:00,Admin,48,IN,2183,10956125,184,4315896,64.1,115,3875302,347,1952966,,,,,
2022/12/2 0:00,Admin,48,IN,3003,10953942,315,4315712,64.1,184,3875187,463,1952619,,,,,
2022/12/1 0:00,Admin,48,IN,6060,10950939,613,4315397,64.1,387,3875003,887,1952156,,,,,
2022/11/30 0:00,Admin,48,IN,7931,10944879,717,4314784,64.1,584,3874616,1215,1951269,1,,,,
2022/11/29 0:00,Admin,48,IN,6362,10936948,517,4314067,64.1,410,3874032,1014,1950054,,,,,
2022/11/28 0:00,Admin,48,IN,5787,10930586,531,4313550,64.1,359,3873622,909,1949040,,,,,
2022/11/27 0:00,Admin,48,IN,1922,10924799,165,4313019,64.1,89,3873263,284,1948131,,,,,
2022/11/26 0:00,Admin,47,IN,1520,10922877,141,4312854,64.1,101,3873174,220,1947847,,,,,
2022/11/25 0:00,Admin,47,IN,430,10921357,98,4312713,64.1,37,3873073,73,1947627,,,,,
2022/11/24 0:00,Admin,47,IN,27,10920927,6,4312615,64.1,2,3873036,7,1947554,,,,,
2022/11/23 0:00,Admin,47,IN,893,10920900,213,4312609,64.1,111,3873034,161,1947547,1,,,,
2022/11/22 0:00,Admin,47,IN,4666,10920007,528,4312396,64.1,331,3872923,798,1947386,,,,,
2022/11/21 0:00,Admin,47,IN,7474,10915341,665,4311868,64,447,3872592,1146,1946588,,,,,
2022/11/20 0:00,Admin,47,IN,2250,10907867,188,4311203,64,127,3872145,384,1945442,,,,,
2022/11/19 0:00,Admin,46,IN,2200,10905617,184,4311015,64,124,3872018,415,1945058,,,,,
2022/11/18 0:00,Admin,46,IN,980,10903417,307,4310831,64,122,3871894,189,1944643,,,,,
2022/11/17 0:00,Admin,46,IN,6360,10902437,615,4310524,64,463,3871772,987,1944454,,,,,
2022/11/16 0:00,Admin,46,IN,9133,10896077,794,4309909,64,534,3871309,1331,1943467,1,,,,
2022/11/15 0:00,Admin,46,IN,8921,10886944,739,4309115,64,562,3870775,1315,1942136,,,,,
2022/11/14 0:00,Admin,46,IN,9302,10878023,778,4308376,64,523,3870213,1334,1940821,,,,,
2022/11/13 0:00,Admin,46,IN,2728,10868721,154,4307598,64,166,3869690,424,1939487,,,,,
2022/11/12 0:00,Admin,45,IN,2541,10865993,263,4307444,64,172,3869524,424,1939063,,,,,
2022/11/11 0:00,Admin,45,IN,907,10863452,318,4307181,64,135,3869352,176,1938639,,,,,
2022/11/10 0:00,Admin,45,IN,6668,10862545,713,4306863,64,562,3869217,1086,1938463,,,,,
2022/11/9 0:00,Admin,45,IN,9026,10855877,916,4306150,64,566,3868655,1362,1937377,1,,,,
2022/11/8 0:00,Admin,45,IN,9095,10846851,798,4305234,63.9,587,3868089,1394,1936015,,,,,
2022/11/7 0:00,Admin,45,IN,9943,10837756,821,4304436,63.9,559,3867502,1368,1934621,,,,,
2022/11/6 0:00,Admin,45,IN,2834,10827813,187,4303615,63.9,154,3866943,424,1933253,,,,,
2022/11/5 0:00,Admin,44,IN,2754,10824979,220,4303428,63.9,192,3866789,498,1932829,,,,,
2022/11/4 0:00,Admin,44,IN,1823,10822225,424,4303208,63.9,141,3866597,312,1932331,,,,,
2022/11/3 0:00,Admin,44,IN,8084,10820402,651,4302784,63.9,437,3866456,1154,1932019,,,,,
2022/11/2 0:00,Admin,44,IN,11349,10812318,858,4302133,63.9,659,3866019,1717,1930865,1,,,,
2022/11/1 0:00,Admin,44,IN,12534,10800969,912,4301275,63.9,668,3865360,1659,1929148,,,,,
2022/10/31 0:00,Admin,44,IN,11356,10788435,794,4300363,63.9,574,3864692,1485,1927489,,,,,
2022/10/30 0:00,Admin,44,IN,3371,10777079,176,4299569,63.9,193,3864118,450,1926004,,,,,
2022/10/29 0:00,Admin,43,IN,3259,10773708,246,4299393,63.9,198,3863925,477,1925554,,,,,
2022/10/28 0:00,Admin,43,IN,2105,10770449,438,4299147,63.9,206,3863727,372,1925077,,,,,
2022/10/27 0:00,Admin,43,IN,10377,10768344,835,4298709,63.9,585,3863521,1371,1924705,,,,,
2022/10/26 0:00,Admin,43,IN,15059,10757967,1010,4297874,63.8,778,3862936,1816,1923334,1,,,,
2022/10/25 0:00,Admin,43,IN,14033,10742908,1020,4296864,63.8,779,3862158,1752,1921518,,,,,
2022/10/24 0:00,Admin,43,IN,12902,10728875,837,4295844,63.8,697,3861379,1690,1919766,,,,,
2022/10/23 0:00,Admin,43,IN,3457,10715973,211,4295007,63.8,177,3860682,522,1918076,,,,,
2022/10/22 0:00,Admin,42,IN,4061,10712516,274,4294796,63.8,203,3860505,596,1917554,,,,,
2022/10/21 0:00,Admin,42,IN,8466,10708455,744,4294522,63.8,499,3860302,1080,1916958,,,,,
2022/10/20 0:00,Admin,42,IN,14027,10699989,968,4293778,63.8,707,3859803,1751,1915878,,,,,
2022/10/19 0:00,Admin,42,IN,15425,10685962,1181,4292810,63.8,815,3859096,1984,1914127,1,,,,
2022/10/18 0:00,Admin,42,IN,14467,10670537,947,4291629,63.7,771,3858281,1800,1912143,,,,,
2022/10/17 0:00,Admin,42,IN,14493,10656070,913,4290682,63.7,725,3857510,1786,1910343,,,,,
2022/10/16 0:00,Admin,42,IN,3874,10641577,222,4289769,63.7,197,3856785,489,1908557,,,,,
2022/10/15 0:00,Admin,41,IN,4338,10637703,281,4289547,63.7,223,3856588,529,1908068,,,,,
2022/10/14 0:00,Admin,41,IN,7017,10633365,594,4289266,63.7,437,3856365,958,1907539,,,,,
2022/10/13 0:00,Admin,41,IN,9723,10626348,791,4288672,63.7,550,3855928,1160,1906581,,,,,
2022/10/12 0:00,Admin,41,IN,15084,10616625,1063,4287881,63.7,810,3855378,1801,1905421,1,,,,
2022/10/11 0:00,Admin,41,IN,13677,10601541,934,4286818,63.7,794,3854568,1665,1903620,,,,,
2022/10/10 0:00,Admin,41,IN,13007,10587864,862,4285884,63.7,681,3853774,1654,1901955,,,,,
2022/10/9 0:00,Admin,41,IN,2143,10574857,127,4285022,63.6,129,3853093,236,1900301,,,,,
2022/10/8 0:00,Admin,40,IN,889,10572714,143,4284895,63.6,57,3852964,137,1900065,,,,,
2022/10/7 0:00,Admin,40,IN,2318,10571825,391,4284752,63.6,212,3852907,369,1899928,,,,,
2022/10/6 0:00,Admin,40,IN,8903,10569507,739,4284361,63.6,494,3852695,1142,1899559,,,,,
2022/10/5 0:00,Admin,40,IN,13883,10560604,1102,4283622,63.6,781,3852201,1706,1898417,1,,,,
2022/10/4 0:00,Admin,40,IN,12701,10546721,934,4282520,63.6,700,3851420,1528,1896711,,,,,
2022/10/3 0:00,Admin,40,IN,12198,10534020,887,4281586,63.6,651,3850720,1430,1895183,,,,,
2022/10/2 0:00,Admin,40,IN,3318,10521822,196,4280699,63.6,180,3850069,374,1893753,,,,,
2022/10/1 0:00,Admin,39,IN,4521,10518504,300,4280503,63.6,218,3849889,529,1893379,,,,,
2022/9/30 0:00,Admin,39,IN,13922,10513983,1132,4280203,63.6,701,3849671,1639,1892850,,,,,
2022/9/29 0:00,Admin,39,IN,12500,10500061,962,4279071,63.6,774,3848970,1398,1891211,,,,,
2022/9/28 0:00,Admin,39,IN,12848,10487561,1012,4278109,63.5,715,3848196,1510,1889813,1,,,,
2022/9/27 0:00,Admin,39,IN,12180,10474713,895,4277097,63.5,756,3847481,1427,1888303,,,,,
2022/9/26 0:00,Admin,39,IN,11820,10462533,766,4276202,63.5,616,3846725,1386,1886876,,,,,
2022/9/25 0:00,Admin,39,IN,3273,10450713,223,4275436,63.5,177,3846109,412,1885490,,,,,
2022/9/24 0:00,Admin,38,IN,3497,10447440,327,4275213,63.5,229,3845932,411,1885078,,,,,
2022/9/23 0:00,Admin,38,IN,2598,10443943,494,4274886,63.5,195,3845703,279,1884667,,,,,
2022/9/22 0:00,Admin,38,IN,6999,10441345,691,4274392,63.5,462,3845508,819,1884388,,,,,
2022/9/21 0:00,Admin,38,IN,10570,10434346,820,4273701,63.5,636,3845046,1238,1883569,1,,,,
2022/9/20 0:00,Admin,38,IN,9900,10423776,820,4272881,63.5,637,3844410,1033,1882331,,,,,
2022/9/19 0:00,Admin,38,IN,9706,10413876,755,4272061,63.5,565,3843773,1002,1881298,,,,,
2022/9/18 0:00,Admin,38,IN,2922,10404170,244,4271306,63.4,166,3843208,326,1880296,,,,,
2022/9/17 0:00,Admin,37,IN,3264,10401248,321,4271062,63.4,199,3843042,369,1879970,,,,,
2022/9/16 0:00,Admin,37,IN,2851,10397984,353,4270741,63.4,193,3842843,312,1879601,,,,,
2022/9/15 0:00,Admin,37,IN,6075,10395133,602,4270388,63.4,441,3842650,603,1879289,,,,,
2022/9/14 0:00,Admin,37,IN,9286,10389058,691,4269786,63.4,625,3842209,959,1878686,1,,,,
2022/9/13 0:00,Admin,37,IN,9313,10379772,764,4269095,63.4,648,3841584,922,1877727,,,,,
2022/9/12 0:00,Admin,37,IN,9336,10370459,766,4268331,63.4,632,3840936,985,1876805,,,,,
2022/9/11 0:00,Admin,37,IN,2939,10361123,200,4267565,63.4,220,3840304,313,1875820,,,,,
2022/9/10 0:00,Admin,36,IN,2898,10358184,274,4267365,63.4,212,3840084,297,1875507,,,,,
2022/9/9 0:00,Admin,36,IN,1094,10355286,225,4267091,63.4,141,3839872,154,1875210,,,,,
2022/9/8 0:00,Admin,36,IN,3331,10354192,541,4266866,63.4,388,3839731,322,1875056,,,,,
2022/9/7 0:00,Admin,36,IN,4898,10350861,684,4266325,63.4,501,3839343,525,1874734,1,,,,
2022/9/6 0:00,Admin,36,IN,1870,10345963,555,4265641,63.4,489,3838842,223,1874209,,,,,
2022/9/5 0:00,Admin,36,IN,110,10344093,46,4265086,63.4,11,3838353,11,1873986,,,,,
2022/9/4 0:00,Admin,36,IN,151,10343983,59,4265040,63.4,44,3838342,15,1873975,,,,,
2022/9/3 0:00,Admin,35,IN,241,10343832,101,4264981,63.4,68,3838298,13,1873960,,,,,
2022/9/2 0:00,Admin,35,IN,441,10343591,240,4264880,63.4,84,3838230,54,1873947,,,,,
2022/9/1 0:00,Admin,35,IN,1563,10343150,535,4264640,63.3,270,3838146,264,1873893,,,,,
2022/8/31 0:00,Admin,35,IN,2168,10341587,544,4264105,63.3,391,3837876,474,1873629,1,,,,
2022/8/30 0:00,Admin,35,IN,2501,10339419,638,4263561,63.3,395,3837485,542,1873155,,,,,
2022/8/29 0:00,Admin,35,IN,2354,10336918,581,4262923,63.3,339,3837090,535,1872613,,,,,
2022/8/28 0:00,Admin,35,IN,440,10334564,112,4262342,63.3,76,3836751,87,1872078,,,,,
2022/8/27 0:00,Admin,34,IN,484,10334124,153,4262230,63.3,100,3836675,105,1871991,,,,,
2022/8/26 0:00,Admin,34,IN,512,10333640,190,4262077,63.3,95,3836575,125,1871886,,,,,
2022/8/25 0:00,Admin,34,IN,2415,10333128,564,4261887,63.3,390,3836480,551,1871761,,,,,
2022/8/24 0:00,Admin,34,IN,3069,10330713,651,4261323,63.3,473,3836090,742,1871210,1,,,,
2022/8/23 0:00,Admin,34,IN,3415,10327644,786,4260672,63.3,530,3835617,745,1870468,,,,,
2022/8/22 0:00,Admin,34,IN,2877,10324229,681,4259886,63.3,393,3835087,617,1869723,,,,,
2022/8/21 0:00,Admin,34,IN,526,10321352,126,4259205,63.3,79,3834694,118,1869106,,,,,
2022/8/20 0:00,Admin,33,IN,639,10320826,181,4259079,63.3,109,3834615,131,1868988,,,,,
2022/8/19 0:00,Admin,33,IN,700,10320187,237,4258898,63.3,96,3834506,152,1868857,,,,,
2022/8/18 0:00,Admin,33,IN,2582,10319487,562,4258661,63.3,360,3834410,553,1868705,,,,,
2022/8/17 0:00,Admin,33,IN,3320,10316905,702,4258099,63.2,449,3834050,790,1868152,1,,,,
2022/8/16 0:00,Admin,33,IN,3577,10313585,751,4257397,63.2,513,3833601,773,1867362,,,,,
2022/8/15 0:00,Admin,33,IN,3445,10310008,780,4256646,63.2,483,3833088,736,1866589,,,,,
2022/8/14 0:00,Admin,33,IN,692,10306563,147,4255866,63.2,88,3832605,163,1865853,,,,,
2022/8/13 0:00,Admin,32,IN,943,10305871,297,4255719,63.2,137,3832517,205,1865690,,,,,
2022/8/12 0:00,Admin,32,IN,624,10304928,263,4255422,63.2,111,3832380,149,1865485,,,,,
2022/8/11 0:00,Admin,32,IN,3195,10304304,707,4255159,63.2,428,3832269,712,1865336,,,,,
2022/8/10 0:00,Admin,32,IN,3921,10301109,768,4254452,63.2,516,3831841,870,1864624,1,,,,
2022/8/9 0:00,Admin,32,IN,4213,10297188,928,4253684,63.2,568,3831325,965,1863754,,,,,
2022/8/8 0:00,Admin,32,IN,4032,10292975,856,4252756,63.2,523,3830757,957,1862789,,,,,
2022/8/7 0:00,Admin,32,IN,836,10288943,203,4251900,63.2,126,3830234,203,1861832,,,,,
2022/8/6 0:00,Admin,31,IN,937,10288107,257,4251697,63.2,134,3830108,232,1861629,,,,,
2022/8/5 0:00,Admin,31,IN,825,10287170,234,4251440,63.2,106,3829974,192,1861397,,,,,
2022/8/4 0:00,Admin,31,IN,3433,10286345,732,4251206,63.1,419,3829868,818,1861205,,,,,
2022/8/3 0:00,Admin,31,IN,4541,10282912,1031,4250474,63.1,607,3829449,1056,1860387,1,,,,
2022/8/2 0:00,Admin,31,IN,4793,10278371,988,4249443,63.1,655,3828842,1150,1859331,,,,,
2022/8/1 0:00,Admin,31,IN,4601,10273578,855,4248455,63.1,502,3828187,1179,1858181,,,,,
2022/7/31 0:00,Admin,31,IN,908,10268977,181,4247600,63.1,93,3827685,235,1857002,,,,,
2022/7/30 0:00,Admin,30,IN,757,10268069,171,4247419,63.1,118,3827592,182,1856767,,,,,
2022/7/29 0:00,Admin,30,IN,1069,10267312,315,4247248,63.1,139,3827474,269,1856585,,,,,
2022/7/28 0:00,Admin,30,IN,4497,10266243,794,4246933,63.1,585,3827335,1077,1856316,,,,,
2022/7/27 0:00,Admin,30,IN,6057,10261746,1037,4246139,63.1,688,3826750,1360,1855239,1,,,,
2022/7/26 0:00,Admin,30,IN,6215,10255689,1098,4245102,63.1,740,3826062,1414,1853879,,,,,
2022/7/25 0:00,Admin,30,IN,5865,10249474,916,4244004,63,516,3825322,1373,1852465,,,,,
2022/7/24 0:00,Admin,30,IN,1418,10243609,210,4243088,63,137,3824806,313,1851092,,,,,
2022/7/23 0:00,Admin,29,IN,1464,10242191,252,4242878,63,180,3824669,295,1850779,,,,,
2022/7/22 0:00,Admin,29,IN,1005,10240727,288,4242626,63,128,3824489,231,1850484,,,,,
2022/7/21 0:00,Admin,29,IN,4852,10239722,833,4242338,63,541,3824361,1093,1850253,,,,,
2022/7/20 0:00,Admin,29,IN,6583,10234870,1197,4241505,63,688,3823820,1450,1849160,1,,,,
2022/7/19 0:00,Admin,29,IN,6645,10228287,1184,4240308,63,646,3823132,1407,1847710,,,,,
2022/7/18 0:00,Admin,29,IN,6703,10221642,964,4239124,63,664,3822486,1352,1846303,,,,,
2022/7/17 0:00,Admin,29,IN,1787,10214939,228,4238160,63,208,3821822,363,1844951,,,,,
2022/7/16 0:00,Admin,28,IN,2072,10213152,319,4237932,63,210,3821614,447,1844588,,,,,
2022/7/15 0:00,Admin,28,IN,1308,10211080,300,4237613,62.9,149,3821404,276,1844141,,,,,
2022/7/14 0:00,Admin,28,IN,5001,10209772,887,4237313,62.9,402,3821255,1017,1843865,,,,,
2022/7/13 0:00,Admin,28,IN,6244,10204771,1018,4236426,62.9,571,3820853,1216,1842848,1,,,,
2022/7/12 0:00,Admin,28,IN,5495,10198527,1067,4235408,62.9,587,3820282,1238,1841632,,,,,
2022/7/11 0:00,Admin,28,IN,4486,10193032,805,4234341,62.9,478,3819695,1007,1840394,,,,,
2022/7/10 0:00,Admin,28,IN,974,10188546,160,4233536,62.9,130,3819217,239,1839387,,,,,
2022/7/9 0:00,Admin,27,IN,893,10187572,178,4233376,62.9,123,3819087,210,1839148,,,,,
2022/7/8 0:00,Admin,27,IN,697,10186679,288,4233198,62.9,132,3818964,162,1838938,,,,,
2022/7/7 0:00,Admin,27,IN,3466,10185982,733,4232910,62.9,392,3818832,831,1838776,,,,,
2022/7/6 0:00,Admin,27,IN,4608,10182516,989,4232177,62.9,528,3818440,1110,1837945,1,,,,
2022/7/5 0:00,Admin,27,IN,3920,10177908,971,4231188,62.8,520,3817912,881,1836835,,,,,
2022/7/4 0:00,Admin,27,IN,155,10173988,32,4230217,62.8,25,3817392,35,1835954,,,,,
2022/7/3 0:00,Admin,27,IN,500,10173833,120,4230185,62.8,85,3817367,121,1835919,,,,,
2022/7/2 0:00,Admin,26,IN,848,10173333,180,4230065,62.8,112,3817282,188,1835798,,,,,
2022/7/1 0:00,Admin,26,IN,3997,10172485,883,4229885,62.8,468,3817170,920,1835610,,,,,
2022/6/30 0:00,Admin,26,IN,4209,10168488,873,4229002,62.8,560,3816702,1024,1834690,,,,,
2022/6/29 0:00,Admin,26,IN,3343,10164279,802,4228129,62.8,387,3816142,859,1833666,1,,,,
2022/6/28 0:00,Admin,26,IN,3864,10160936,936,4227327,62.8,466,3815755,889,1832807,,,,,
2022/6/27 0:00,Admin,26,IN,3937,10157072,922,4226391,62.8,504,3815289,889,1831918,,,,,
2022/6/26 0:00,Admin,26,IN,771,10153135,209,4225469,62.8,106,3814785,167,1831029,,,,,
2022/6/25 0:00,Admin,25,IN,1914,10152364,681,4225260,62.8,172,3814679,399,1830862,,,,,
2022/6/24 0:00,Admin,25,IN,4911,10150450,1014,4224579,62.8,583,3814507,1088,1830463,,,,,
2022/6/23 0:00,Admin,25,IN,5189,10145539,1030,4223565,62.7,504,3813924,1092,1829375,,,,,
2022/6/22 0:00,Admin,25,IN,4987,10140350,868,4222535,62.7,626,3813420,1186,1828283,1,,,,
2022/6/21 0:00,Admin,25,IN,4370,10135363,678,4221667,62.7,518,3812794,1003,1827097,,,,,
2022/6/20 0:00,Admin,25,IN,3562,10130993,501,4220989,62.7,404,3812276,889,1826094,,,,,
2022/6/19 0:00,Admin,25,IN,720,10127431,132,4220488,62.7,108,3811872,187,1825205,,,,,
2022/6/18 0:00,Admin,24,IN,1445,10126711,259,4220356,62.7,191,3811764,382,1825018,,,,,
2022/6/17 0:00,Admin,24,IN,4505,10125266,666,4220097,62.7,465,3811573,1117,1824636,,,,,
2022/6/16 0:00,Admin,24,IN,4490,10120761,625,4219431,62.7,514,3811108,1040,1823519,,,,,
2022/6/15 0:00,Admin,24,IN,4739,10116271,637,4218806,62.7,590,3810594,1199,1822479,1,,,,
2022/6/14 0:00,Admin,24,IN,4822,10111532,598,4218169,62.7,601,3810004,1126,1821280,,,,,
2022/6/13 0:00,Admin,24,IN,4155,10106710,581,4217571,62.6,529,3809403,927,1820154,,,,,
2022/6/12 0:00,Admin,24,IN,837,10102555,165,4216990,62.6,152,3808874,178,1819227,,,,,
2022/6/11 0:00,Admin,23,IN,1689,10101718,250,4216825,62.6,218,3808722,417,1819049,,,,,
2022/6/10 0:00,Admin,23,IN,5241,10100029,670,4216575,62.6,559,3808504,1288,1818632,,,,,
2022/6/9 0:00,Admin,23,IN,5260,10094788,659,4215905,62.6,569,3807945,1235,1817344,,,,,
2022/6/8 0:00,Admin,23,IN,5517,10089528,739,4215246,62.6,629,3807376,1340,1816109,1,,,,
2022/6/7 0:00,Admin,23,IN,5522,10084011,738,4214507,62.6,628,3806747,1263,1814769,,,,,
2022/6/6 0:00,Admin,23,IN,4645,10078489,561,4213769,62.6,560,3806119,1111,1813506,,,,,
2022/6/5 0:00,Admin,23,IN,1032,10073844,138,4213208,62.6,143,3805559,286,1812395,,,,,
2022/6/4 0:00,Admin,22,IN,1970,10072812,249,4213070,62.6,242,3805416,507,1812109,,,,,
2022/6/3 0:00,Admin,22,IN,5492,10070842,603,4212821,62.6,592,3805174,1308,1811602,,,,,
2022/6/2 0:00,Admin,22,IN,5557,10065350,668,4212218,62.6,634,3804582,1346,1810294,,,,,
2022/6/1 0:00,Admin,22,IN,5741,10059793,677,4211550,62.6,677,3803948,1390,1808948,1,,,,
2022/5/31 0:00,Admin,22,IN,5371,10054052,632,4210873,62.5,761,3803271,1276,1807558,,,,,
2022/5/30 0:00,Admin,22,IN,332,10048681,54,4210241,62.5,48,3802510,92,1806282,,,,,
2022/5/29 0:00,Admin,22,IN,572,10048349,88,4210187,62.5,74,3802462,160,1806190,,,,,
2022/5/28 0:00,Admin,21,IN,129,10047777,78,4210099,62.5,40,3802388,49,1806030,,,,,
2022/5/27 0:00,Admin,21,IN,4153,10047648,465,4210021,62.5,430,3802348,1006,1805981,,,,,
2022/5/26 0:00,Admin,21,IN,6236,10043495,689,4209556,62.5,653,3801918,1401,1804975,,,,,
2022/5/25 0:00,Admin,21,IN,6369,10037259,699,4208867,62.5,701,3801265,1354,1803574,1,,,,
2022/5/24 0:00,Admin,21,IN,6299,10030890,687,4208168,62.5,671,3800564,1396,1802220,,,,,
2022/5/23 0:00,Admin,21,IN,6595,10024591,615,4207481,62.5,633,3799893,1374,1800824,,,,,
2022/5/22 0:00,Admin,21,IN,1707,10017996,197,4206866,62.5,226,3799260,391,1799450,,,,,
2022/5/21 0:00,Admin,20,IN,3493,10016289,313,4206669,62.5,387,3799034,777,1799059,,,,,
2022/5/20 0:00,Admin,20,IN,7634,10012796,683,4206356,62.5,790,3798647,1552,1798282,,,,,
2022/5/19 0:00,Admin,20,IN,6879,10005162,724,4205673,62.5,710,3797857,1300,1796730,,,,,
2022/5/18 0:00,Admin,20,IN,6175,9998283,602,4204949,62.5,638,3797147,1299,1795430,1,,,,
2022/5/17 0:00,Admin,20,IN,5526,9992108,608,4204347,62.5,585,3796509,1111,1794131,,,,,
2022/5/16 0:00,Admin,20,IN,5485,9986582,606,4203739,62.4,592,3795924,1076,1793020,,,,,
2022/5/15 0:00,Admin,20,IN,1338,9981097,197,4203133,62.4,187,3795332,290,1791944,,,,,
2022/5/14 0:00,Admin,19,IN,2686,9979759,316,4202936,62.4,332,3795145,552,1791654,,,,,
2022/5/13 0:00,Admin,19,IN,6893,9977073,717,4202620,62.4,703,3794813,1358,1791102,,,,,
2022/5/12 0:00,Admin,19,IN,6204,9970180,639,4201903,62.4,643,3794110,1203,1789744,,,,,
2022/5/11 0:00,Admin,19,IN,5955,9963976,608,4201264,62.4,670,3793467,1247,1788541,1,,,,
2022/5/10 0:00,Admin,19,IN,6132,9958021,655,4200656,62.4,650,3792797,1152,1787294,,,,,
2022/5/9 0:00,Admin,19,IN,5666,9951889,524,4200001,62.4,601,3792147,1111,1786142,,,,,
2022/5/8 0:00,Admin,19,IN,922,9946223,119,4199477,62.4,129,3791546,209,1785031,,,,,
2022/5/7 0:00,Admin,18,IN,2388,9945301,299,4199358,62.4,313,3791417,531,1784822,,,,,
2022/5/6 0:00,Admin,18,IN,6633,9942913,666,4199059,62.4,832,3791104,1267,1784291,,,,,
2022/5/5 0:00,Admin,18,IN,5767,9936280,571,4198393,62.4,635,3790272,1058,1783024,,,,,
2022/5/4 0:00,Admin,18,IN,6035,9930513,640,4197822,62.4,701,3789637,1147,1781966,1,,,,
2022/5/3 0:00,Admin,18,IN,5552,9924478,636,4197182,62.3,653,3788936,1150,1780819,,,,,
2022/5/2 0:00,Admin,18,IN,5607,9918926,605,4196546,62.3,658,3788283,1039,1779669,,,,,
2022/5/1 0:00,Admin,18,IN,1646,9913319,188,4195941,62.3,190,3787625,312,1778630,,,,,
2022/4/30 0:00,Admin,17,IN,2893,9911673,355,4195753,62.3,418,3787435,635,1778318,,,,,
2022/4/29 0:00,Admin,17,IN,7618,9908780,773,4195398,62.3,852,3787017,1430,1777683,,,,,
2022/4/28 0:00,Admin,17,IN,6696,9901162,666,4194625,62.3,696,3786165,1241,1776253,,,,,
2022/4/27 0:00,Admin,17,IN,6995,9894466,676,4193959,62.3,782,3785469,1303,1775012,1,,,,
2022/4/26 0:00,Admin,17,IN,6684,9887471,691,4193283,62.3,693,3784687,1235,1773709,,,,,
2022/4/25 0:00,Admin,17,IN,6301,9880787,668,4192592,62.3,690,3783994,1112,1772474,,,,,
2022/4/24 0:00,Admin,17,IN,1349,9874486,192,4191924,62.3,203,3783304,306,1771362,,,,,
2022/4/23 0:00,Admin,16,IN,2854,9873137,300,4191732,62.3,375,3783101,601,1771056,,,,,
2022/4/22 0:00,Admin,16,IN,6712,9870283,695,4191432,62.3,718,3782726,1228,1770455,,,,,
2022/4/21 0:00,Admin,16,IN,7011,9863571,701,4190737,62.2,659,3782008,1309,1769227,,,,,
2022/4/20 0:00,Admin,16,IN,8101,9856560,752,4190036,62.2,751,3781349,1418,1767918,1,,,,
2022/4/19 0:00,Admin,16,IN,8608,9848459,795,4189284,62.2,791,3780598,1599,1766500,,,,,
2022/4/18 0:00,Admin,16,IN,8010,9839851,737,4188489,62.2,815,3779807,1323,1764901,,,,,
2022/4/17 0:00,Admin,16,IN,445,9831841,70,4187752,62.2,66,3778992,86,1763578,,,,,
2022/4/16 0:00,Admin,15,IN,3192,9831396,368,4187682,62.2,397,3778926,602,1763492,,,,,
2022/4/15 0:00,Admin,15,IN,7725,9828204,798,4187314,62.2,796,3778529,1499,1762890,,,,,
2022/4/14 0:00,Admin,15,IN,9048,9820479,852,4186516,62.2,811,3777733,1610,1761391,,,,,
2022/4/13 0:00,Admin,15,IN,8502,9811431,836,4185664,62.2,896,3776922,1439,1759781,1,,,,
2022/4/12 0:00,Admin,15,IN,9629,9802929,884,4184828,62.2,923,3776026,1499,1758342,,,,,
2022/4/11 0:00,Admin,15,IN,8852,9793300,751,4183944,62.1,783,3775103,1404,1756843,,,,,
2022/4/10 0:00,Admin,15,IN,2224,9784448,238,4183193,62.1,286,3774320,361,1755439,,,,,
2022/4/9 0:00,Admin,14,IN,4452,9782224,431,4182955,62.1,457,3774034,726,1755078,,,,,
2022/4/8 0:00,Admin,14,IN,10406,9777772,939,4182524,62.1,991,3773577,1785,1754352,,,,,
2022/4/7 0:00,Admin,14,IN,8919,9767366,750,4181585,62.1,792,3772586,1470,1752567,,,,,
2022/4/6 0:00,Admin,14,IN,8831,9758447,859,4180835,62.1,817,3771794,1523,1751097,1,,,,
2022/4/5 0:00,Admin,14,IN,8728,9749616,814,4179976,62.1,820,3770977,1388,1749574,,,,,
2022/4/4 0:00,Admin,14,IN,8855,9740888,770,4179162,62.1,796,3770157,1380,1748186,,,,,
2022/4/3 0:00,Admin,14,IN,2611,9732033,258,4178392,62.1,311,3769361,434,1746806,,,,,
2022/4/2 0:00,Admin,13,IN,4811,9729422,482,4178134,62.1,524,3769050,881,1746372,,,,,
2022/4/1 0:00,Admin,13,IN,10955,9724611,965,4177652,62.1,1030,3768526,2008,1745491,,,,,
2022/3/31 0:00,Admin,13,IN,9920,9713656,858,4176687,62,926,3767496,1724,1743483,,,,,
2022/3/30 0:00,Admin,13,IN,6111,9703736,730,4175829,62,839,3766570,1432,1741759,1,,,,
2022/3/29 0:00,Admin,13,IN,3218,9697625,740,4175099,62,679,3765731,1400,1740327,,,,,
2022/3/28 0:00,Admin,13,IN,2817,9694407,651,4174359,62,695,3765052,1333,1738927,,,,,
2022/3/27 0:00,Admin,13,IN,697,9691590,183,4173708,62,219,3764357,275,1737594,,,,,
2022/3/26 0:00,Admin,12,IN,1653,9690893,383,4173525,62,473,3764138,753,1737319,,,,,
2022/3/25 0:00,Admin,12,IN,3730,9689240,824,4173142,62,968,3763665,1809,1736566,,,,,
2022/3/24 0:00,Admin,12,IN,3443,9685510,779,4172318,62,857,3762697,1623,1734757,,,,,
2022/3/23 0:00,Admin,12,IN,3334,9682067,807,4171539,62,852,3761840,1572,1733134,1,,,,
2022/3/22 0:00,Admin,12,IN,3432,9678733,825,4170732,62,791,3760988,1673,1731562,,,,,
2022/3/21 0:00,Admin,12,IN,3265,9675301,713,4169907,61.9,791,3760197,1569,1729889,,,,,
2022/3/20 0:00,Admin,12,IN,915,9672036,240,4169194,61.9,256,3759406,401,1728320,,,,,
2022/3/19 0:00,Admin,11,IN,2281,9671121,517,4168954,61.9,569,3759150,1076,1727919,,,,,
2022/3/18 0:00,Admin,11,IN,4147,9668840,1038,4168437,61.9,1063,3758581,1891,1726843,,,,,
2022/3/17 0:00,Admin,11,IN,3539,9664693,725,4167399,61.9,913,3757518,1757,1724952,,,,,
2022/3/16 0:00,Admin,11,IN,3754,9661154,831,4166674,61.9,990,3756605,1765,1723195,1,,,,
2022/3/15 0:00,Admin,11,IN,3650,9657400,764,4165843,61.9,1087,3755615,1618,1721430,,,,,
2022/3/14 0:00,Admin,11,IN,3528,9653750,827,4165079,61.9,1072,3754528,1523,1719812,,,,,
2022/3/13 0:00,Admin,11,IN,1061,9650222,290,4164252,61.9,397,3753456,390,1718289,,,,,
2022/3/12 0:00,Admin,10,IN,2211,9649161,610,4163962,61.9,641,3753059,934,1717899,,,,,
2022/3/11 0:00,Admin,10,IN,4671,9646950,1168,4163352,61.8,1466,3752418,1952,1716965,,,,,
2022/3/10 0:00,Admin,10,IN,3922,9642279,871,4162184,61.8,1211,3750952,1747,1715013,,,,,
2022/3/9 0:00,Admin,10,IN,4097,9638357,1039,4161313,61.8,1294,3749741,1686,1713266,1,,,,
2022/3/8 0:00,Admin,10,IN,3853,9634260,931,4160274,61.8,1155,3748447,1668,1711580,,,,,
2022/3/7 0:00,Admin,10,IN,3487,9630407,846,4159343,61.8,1144,3747292,1422,1709912,,,,,
2022/3/6 0:00,Admin,10,IN,1280,9626920,300,4158497,61.8,434,3746148,517,1708490,,,,,
2022/3/5 0:00,Admin,9,IN,2619,9625640,631,4158197,61.8,852,3745714,1109,1707973,,,,,
2022/3/4 0:00,Admin,9,IN,5270,9623021,1212,4157566,61.8,1622,3744862,2269,1706864,,,,,
2022/3/3 0:00,Admin,9,IN,4689,9617751,1051,4156354,61.7,1473,3743240,2044,1704595,,,,,
2022/3/2 0:00,Admin,9,IN,4497,9613062,1059,4155303,61.7,1342,3741767,2004,1702551,1,,,,
2022/3/1 0:00,Admin,9,IN,4630,9608565,1147,4154244,61.7,1268,3740425,1925,1700547,,,,,
2022/2/28 0:00,Admin,9,IN,4674,9603935,1079,4153097,61.7,1415,3739157,2021,1698622,,,,,
2022/2/27 0:00,Admin,9,IN,1696,9599261,439,4152018,61.7,534,3737742,734,1696601,,,,,
2022/2/26 0:00,Admin,8,IN,3435,9597565,789,4151579,61.7,982,3737208,1636,1695867,,,,,
2022/2/25 0:00,Admin,8,IN,6061,9594130,1525,4150790,61.7,1567,3736226,2907,1694231,,,,,
2022/2/24 0:00,Admin,8,IN,4809,9588069,1318,4149265,61.6,1223,3734659,2281,1691324,,,,,
2022/2/23 0:00,Admin,8,IN,5626,9583260,1409,4147947,61.6,1538,3733436,2602,1689043,1,,,,
2022/2/22 0:00,Admin,8,IN,5629,9577634,1437,4146538,61.6,1745,3731898,2425,1686441,,,,,
2022/2/21 0:00,Admin,8,IN,5633,9572005,1407,4145101,61.6,1765,3730153,2392,1684016,,,,,
2022/2/20 0:00,Admin,8,IN,2266,9566372,552,4143694,61.6,785,3728388,873,1681624,,,,,
2022/2/19 0:00,Admin,7,IN,2423,9564106,612,4143142,61.5,882,3727603,921,1680751,,,,,
2022/2/18 0:00,Admin,7,IN,5405,9561683,1435,4142530,61.5,1768,3726721,2346,1679830,,,,,
2022/2/17 0:00,Admin,7,IN,5860,9556278,1436,4141095,61.5,1914,3724953,2477,1677484,,,,,
2022/2/16 0:00,Admin,7,IN,6892,9550418,1798,4139659,61.5,2237,3723039,2810,1675007,1,,,,
2022/2/15 0:00,Admin,7,IN,6413,9543526,1611,4137861,61.5,2249,3720802,2554,1672197,,,,,
2022/2/14 0:00,Admin,7,IN,5869,9537113,1734,4136250,61.4,1901,3718553,2256,1669643,,,,,
2022/2/13 0:00,Admin,7,IN,2301,9531244,620,4134516,61.4,854,3716652,806,1667387,,,,,
2022/2/12 0:00,Admin,6,IN,5613,9528943,1412,4133896,61.4,2051,3715798,2064,1666581,,,,,
2022/2/11 0:00,Admin,6,IN,10414,9523330,2509,4132484,61.4,3710,3713747,4236,1664517,,,,,
2022/2/10 0:00,Admin,6,IN,8944,9512916,2256,4129975,61.3,2923,3710037,3715,1660281,,,,,
2022/2/9 0:00,Admin,6,IN,8906,9503972,2207,4127719,61.3,3157,3707114,3523,1656566,1,,,,
2022/2/8 0:00,Admin,6,IN,8112,9495066,1978,4125512,61.3,2978,3703957,3110,1653043,,,,,
2022/2/7 0:00,Admin,6,IN,7616,9486954,1767,4123534,61.3,2905,3700979,2963,1649933,,,,,
2022/2/6 0:00,Admin,6,IN,2897,9479338,687,4121767,61.2,1114,3698074,1062,1646970,,,,,
2022/2/5 0:00,Admin,5,IN,5941,9476441,1200,4121080,61.2,2299,3696960,2298,1645908,,,,,
2022/2/4 0:00,Admin,5,IN,6141,9470500,1321,4119880,61.2,2388,3694661,2277,1643610,,,,,
2022/2/3 0:00,Admin,5,IN,1945,9464359,517,4118559,61.2,787,3692273,726,1641333,,,,,
2022/2/2 0:00,Admin,5,IN,5942,9462414,1407,4118042,61.2,1967,3691486,2482,1640607,1,,,,
2022/2/1 0:00,Admin,5,IN,10238,9456472,2268,4116635,61.1,3037,3689519,4712,1638125,,,,,
2022/1/31 0:00,Admin,5,IN,9731,9446234,2374,4114367,61.1,3020,3686482,4241,1633413,,,,,
2022/1/30 0:00,Admin,5,IN,3810,9436503,912,4111993,61.1,1186,3683462,1659,1629172,,,,,
2022/1/29 0:00,Admin,4,IN,8689,9432693,2078,4111081,61.1,2410,3682276,4118,1627513,,,,,
2022/1/28 0:00,Admin,4,IN,14277,9424004,3485,4109003,61,3705,3679866,7089,1623395,,,,,
2022/1/27 0:00,Admin,4,IN,12138,9409727,3049,4105518,61,3136,3676161,5901,1616306,,,,,
2022/1/26 0:00,Admin,4,IN,11566,9397589,3049,4102469,60.9,3124,3673025,5465,1610405,1,,,,
2022/1/25 0:00,Admin,4,IN,12461,9386023,2990,4099420,60.9,3274,3669901,6219,1604940,,,,,
2022/1/24 0:00,Admin,4,IN,11279,9373562,2758,4096430,60.8,2914,3666627,5637,1598721,,,,,
2022/1/23 0:00,Admin,4,IN,4589,9362283,1164,4093672,60.8,1029,3663713,2338,1593084,,,,,
2022/1/22 0:00,Admin,3,IN,10741,9357694,3064,4092508,60.8,1248,3662684,6152,1590746,,,,,
2022/1/21 0:00,Admin,3,IN,16961,9346953,4862,4089444,60.7,2183,3661436,9982,1584594,,,,,
2022/1/20 0:00,Admin,3,IN,15763,9329992,4656,4084582,60.7,2294,3659253,8731,1574612,,,,,
2022/1/19 0:00,Admin,3,IN,16055,9314229,4468,4079926,60.6,2752,3656959,8817,1565881,1,,,,
2022/1/18 0:00,Admin,3,IN,16030,9298174,3945,4075458,60.5,3279,3654207,8741,1557064,,,,,
2022/1/17 0:00,Admin,3,IN,15221,9282144,3873,4071513,60.5,2537,3650928,8667,1548323,,,,,
2022/1/16 0:00,Admin,3,IN,6616,9266923,1524,4067640,60.4,957,3648391,3958,1539656,,,,,
2022/1/15 0:00,Admin,2,IN,13005,9260307,3299,4066116,60.4,1300,3647434,8070,1535698,,,,,
2022/1/14 0:00,Admin,2,IN,24515,9247302,6418,4062817,60.3,2419,3646134,15543,1527628,,,,,
2022/1/13 0:00,Admin,2,IN,22049,9222787,6136,4056399,60.3,2454,3643715,13405,1512085,,,,,
2022/1/12 0:00,Admin,2,IN,22525,9200738,6150,4050263,60.2,3169,3641261,13182,1498680,1,,,,
2022/1/11 0:00,Admin,2,IN,23278,9178213,5704,4044113,60.1,3738,3638092,13841,1485498,,,,,
2022/1/10 0:00,Admin,2,IN,20675,9154935,5116,4038409,60,3278,3634354,12204,1471657,,,,,
2022/1/9 0:00,Admin,2,IN,8345,9134260,2032,4033293,59.9,1230,3631076,5039,1459453,,,,,
2022/1/8 0:00,Admin,1,IN,17080,9125915,4031,4031261,59.9,2569,3629846,10180,1454414,,,,,
2022/1/7 0:00,Admin,1,IN,30761,9108835,7049,4027230,59.8,4216,3627277,19339,1444234,,,,,
2022/1/6 0:00,Admin,1,IN,25976,9078074,5974,4020181,59.7,3631,3623061,16200,1424895,,,,,
2022/1/5 0:00,Admin,1,IN,25607,9052098,6063,4014207,59.6,3545,3619430,16110,1408695,1,,,,
2022/1/4 0:00,Admin,1,IN,25752,9026491,6090,4008144,59.5,3923,3615885,15894,1392585,,,,,
2022/1/3 0:00,Admin,1,IN,23123,9000739,5566,4002054,59.4,3687,3611962,13783,1376691,,,,,
2022/1/2 0:00,Admin,1,IN,8329,8977616,1878,3996488,59.4,1412,3608275,4837,1362908,,,,,
2022/1/1 0:00,Admin,52,IN,1051,8969287,214,3994610,59.3,71,3606863,558,1358071,,,,,
2021/12/31 0:00,Admin,52,IN,7790,8968236,1789,3994396,59.3,977,3606792,4991,1357513,,,,,
2021/12/30 0:00,Admin,52,IN,12653,8960446,3167,3992607,59.3,1666,3605815,8132,1352522,,,,,
2021/12/29 0:00,Admin,52,IN,21226,8947793,4978,3989440,59.3,2956,3604149,13761,1344390,1,,,,
2021/12/28 0:00,Admin,52,IN,29464,8926567,6247,3984462,59.2,3921,3601193,19018,1330629,,,,,
2021/12/27 0:00,Admin,52,IN,26640,8897103,5551,3978215,59.1,3677,3597272,17079,1311611,,,,,
2021/12/26 0:00,Admin,52,IN,8708,8870463,1791,3972664,59,1350,3593595,5153,1294532,,,,,
2021/12/25 0:00,Admin,51,IN,46,8861755,6,3970873,59,10,3592245,28,1289379,,,,,
2021/12/24 0:00,Admin,51,IN,422,8861709,292,3970867,59,63,3592235,232,1289351,,,,,
2021/12/23 0:00,Admin,51,IN,2726,8861287,1479,3970575,59,426,3592172,1711,1289119,,,,,
2021/12/22 0:00,Admin,51,IN,22914,8858561,5067,3969096,59,2574,3591746,15720,1287408,1,,,,
2021/12/21 0:00,Admin,51,IN,35864,8835647,6865,3964029,58.9,3291,3589172,25389,1271688,,,,,
2021/12/20 0:00,Admin,51,IN,34124,8799783,6758,3957164,58.8,3175,3585881,23884,1246299,,,,,
2021/12/19 0:00,Admin,51,IN,10678,8765659,2043,3950406,58.7,1036,3582706,7265,1222415,,,,,
2021/12/18 0:00,Admin,50,IN,19174,8754981,4105,3948363,58.6,1923,3581670,12707,1215150,,,,,
2021/12/17 0:00,Admin,50,IN,33252,8735807,6699,3944258,58.6,2699,3579747,23707,1202443,,,,,
2021/12/16 0:00,Admin,50,IN,29376,8702555,5769,3937559,58.5,2278,3577048,21365,1178736,,,,,
2021/12/15 0:00,Admin,50,IN,31161,8673179,6255,3931790,58.4,3038,3574770,21691,1157371,1,,,,
2021/12/14 0:00,Admin,50,IN,30886,8642018,5927,3925535,58.3,3922,3571732,21193,1135680,,,,,
2021/12/13 0:00,Admin,50,IN,27835,8611132,4501,3919608,58.2,4149,3567810,19134,1114487,,,,,
2021/12/12 0:00,Admin,50,IN,9512,8583297,1732,3915107,58.2,1417,3563661,6136,1095353,,,,,
2021/12/11 0:00,Admin,49,IN,20444,8573785,2939,3913375,58.1,5191,3562244,11899,1089217,,,,,
2021/12/10 0:00,Admin,49,IN,37746,8553341,5890,3910436,58.1,5551,3557053,25944,1077318,,,,,
2021/12/9 0:00,Admin,49,IN,34639,8515595,5548,3904546,58,5058,3551502,23752,1051374,,,,,
2021/12/8 0:00,Admin,49,IN,34909,8480956,6004,3898998,57.9,5081,3546444,23654,1027622,1,,,,
2021/12/7 0:00,Admin,49,IN,34137,8446047,5903,3892994,57.8,5301,3541363,22708,1003968,,,,,
2021/12/6 0:00,Admin,49,IN,32900,8411910,5433,3887091,57.7,5047,3536062,22495,981260,,,,,
2021/12/5 0:00,Admin,49,IN,10937,8379010,2160,3881658,57.7,1835,3531015,6733,958765,,,,,
2021/12/4 0:00,Admin,48,IN,23896,8368073,3598,3879498,57.6,5830,3529180,14392,952032,,,,,
2021/12/3 0:00,Admin,48,IN,43535,8344177,7040,3875900,57.6,6823,3523350,29514,937640,,,,,
2021/12/2 0:00,Admin,48,IN,41058,8300642,7054,3868860,57.5,5471,3516527,28629,908126,,,,,
2021/12/1 0:00,Admin,48,IN,43744,8259584,8476,3861806,57.4,5167,3511056,29489,879497,1,,,,
2021/11/30 0:00,Admin,48,IN,35773,8215840,7256,3853330,57.2,4955,3505889,22665,850008,,,,,
2021/11/29 0:00,Admin,48,IN,30083,8180067,4835,3846074,57.1,5719,3500934,18674,827343,,,,,
2021/11/28 0:00,Admin,48,IN,9597,8149984,1783,3841239,57.1,1639,3495215,6119,808669,,,,,
2021/11/27 0:00,Admin,47,IN,9258,8140387,1709,3839456,57,1523,3493576,5993,802550,,,,,
2021/11/26 0:00,Admin,47,IN,5560,8131129,1466,3837747,57,633,3492053,3797,796557,,,,,
2021/11/25 0:00,Admin,47,IN,159,8125569,38,3836281,57,21,3491420,97,792760,,,,,
2021/11/24 0:00,Admin,47,IN,5347,8125410,2416,3836243,57,585,3491399,3274,792663,1,,,,
2021/11/23 0:00,Admin,47,IN,23854,8120063,5660,3833827,56.9,2117,3490814,16439,789389,,,,,
2021/11/22 0:00,Admin,47,IN,33871,8096209,6906,3828167,56.9,2780,3488697,23839,772950,,,,,
2021/11/21 0:00,Admin,47,IN,11038,8062338,2348,3821261,56.8,817,3485917,7519,749111,,,,,
2021/11/20 0:00,Admin,46,IN,23232,8051300,6921,3818913,56.7,2196,3485100,13332,741592,,,,,
2021/11/19 0:00,Admin,46,IN,36448,8028068,8599,3811992,56.6,2834,3482904,25032,728260,,,,,
2021/11/18 0:00,Admin,46,IN,34016,7991620,7941,3803393,56.5,2357,3480070,23183,703228,,,,,
2021/11/17 0:00,Admin,46,IN,32866,7957604,7922,3795452,56.4,2569,3477713,22342,680045,1,,,,
2021/11/16 0:00,Admin,46,IN,28597,7924738,6958,3787530,56.3,2194,3475144,19193,657703,,,,,
2021/11/15 0:00,Admin,46,IN,27529,7896141,7063,3780572,56.2,2418,3472950,17750,638510,,,,,
2021/11/14 0:00,Admin,46,IN,7090,7868612,2350,3773509,56.1,691,3470532,4003,620760,,,,,
2021/11/13 0:00,Admin,45,IN,19473,7861522,7321,3771159,56,1548,3469841,9617,616757,,,,,
2021/11/12 0:00,Admin,45,IN,34777,7842049,9863,3763838,55.9,3173,3468293,21245,607140,,,,,
2021/11/11 0:00,Admin,45,IN,23598,7807272,7228,3753975,55.8,2093,3465120,14101,585895,,,,,
2021/11/10 0:00,Admin,45,IN,14819,7783674,5955,3746747,55.7,1235,3463027,8062,571794,1,,,,
2021/11/9 0:00,Admin,45,IN,18576,7768855,5720,3740792,55.6,1445,3461792,10790,563732,,,,,
2021/11/8 0:00,Admin,45,IN,22795,7750279,6867,3735072,55.5,2377,3460347,13593,552942,,,,,
2021/11/7 0:00,Admin,45,IN,7563,7727484,2307,3728205,55.4,957,3457970,4380,539349,,,,,
2021/11/6 0:00,Admin,44,IN,17066,7719921,5768,3725898,55.3,1916,3457013,9283,534969,,,,,
2021/11/5 0:00,Admin,44,IN,30742,7702855,7485,3720130,55.3,3165,3455097,20283,525686,,,,,
2021/11/4 0:00,Admin,44,IN,28381,7672113,6056,3712645,55.1,2760,3451932,19827,505403,,,,,
2021/11/3 0:00,Admin,44,IN,27271,7643732,5613,3706589,55.1,2472,3449172,19350,485576,1,,,,
2021/11/2 0:00,Admin,44,IN,24109,7616461,3767,3700976,55,2460,3446700,18138,466226,,,,,
2021/11/1 0:00,Admin,44,IN,26025,7592352,4035,3697209,54.9,2566,3444240,19150,448088,,,,,
2021/10/31 0:00,Admin,44,IN,5615,7566327,1208,3693174,54.9,794,3441674,3523,428938,,,,,
2021/10/30 0:00,Admin,43,IN,12597,7560712,2323,3691966,54.8,1413,3440880,8774,425415,,,,,
2021/10/29 0:00,Admin,43,IN,29813,7548115,5039,3689643,54.8,2919,3439467,22316,416641,,,,,
2021/10/28 0:00,Admin,43,IN,28127,7518302,3804,3684604,54.7,2847,3436548,21597,394325,,,,,
2021/10/27 0:00,Admin,43,IN,28097,7490175,4080,3680800,54.7,2858,3433701,21119,372728,1,,,,
2021/10/26 0:00,Admin,43,IN,28508,7462078,4033,3676720,54.6,2900,3430843,21584,351609,,,,,
2021/10/25 0:00,Admin,43,IN,27779,7433570,3940,3672687,54.6,2781,3427943,20833,330025,,,,,
2021/10/24 0:00,Admin,43,IN,6373,7405791,1076,3668747,54.5,1111,3425162,4139,309192,,,,,
2021/10/23 0:00,Admin,42,IN,14257,7399418,2348,3667671,54.5,2017,3424051,9762,305053,,,,,
2021/10/22 0:00,Admin,42,IN,22636,7385161,4147,3665323,54.4,3764,3422034,14877,295291,,,,,
2021/10/21 0:00,Admin,42,IN,14048,7362525,3025,3661176,54.4,3039,3418270,8261,280414,,,,,
2021/10/20 0:00,Admin,42,IN,13830,7348477,3169,3658151,54.3,3019,3415231,7999,272153,1,,,,
2021/10/19 0:00,Admin,42,IN,13066,7334647,2744,3654982,54.3,2895,3412212,7629,264154,,,,,
2021/10/18 0:00,Admin,42,IN,14355,7321581,3202,3652238,54.3,3202,3409317,8113,256525,,,,,
2021/10/17 0:00,Admin,42,IN,3394,7307226,1011,3649036,54.2,1173,3406115,1266,248412,,,,,
2021/10/16 0:00,Admin,41,IN,8508,7303832,2133,3648025,54.2,2377,3404942,4061,247146,,,,,
2021/10/15 0:00,Admin,41,IN,16427,7295324,3640,3645892,54.2,4339,3402565,8724,243085,,,,,
2021/10/14 0:00,Admin,41,IN,15366,7278897,3286,3642252,54.1,3348,3398226,9117,234361,,,,,
2021/10/13 0:00,Admin,41,IN,15252,7263531,3220,3638966,54.1,3484,3394878,8915,225244,1,,,,
2021/10/12 0:00,Admin,41,IN,16031,7248279,3306,3635746,54,3570,3391394,9405,216329,,,,,
2021/10/11 0:00,Admin,41,IN,15837,7232248,3041,3632440,54,3504,3387824,9325,206924,,,,,
2021/10/10 0:00,Admin,41,IN,3710,7216411,978,3629399,53.9,1236,3384320,1464,197599,,,,,
2021/10/9 0:00,Admin,40,IN,3572,7212701,1131,3628421,53.9,937,3383084,1722,196135,,,,,
2021/10/8 0:00,Admin,40,IN,13871,7209129,2848,3627290,53.9,2917,3382147,8528,194413,,,,,
2021/10/7 0:00,Admin,40,IN,19307,7195258,3694,3624442,53.8,3845,3379230,12053,185885,,,,,
2021/10/6 0:00,Admin,40,IN,19208,7175951,3683,3620748,53.8,4210,3375385,11680,173832,1,,,,
2021/10/5 0:00,Admin,40,IN,19651,7156743,3710,3617065,53.7,4189,3371175,12038,162152,,,,,
2021/10/4 0:00,Admin,40,IN,19469,7137092,3844,3613355,53.7,3968,3366986,11779,150114,,,,,
2021/10/3 0:00,Admin,40,IN,6160,7117623,1740,3609511,53.6,2083,3363018,2404,138335,,,,,
2021/10/2 0:00,Admin,39,IN,11647,7111463,3053,3607771,53.6,3141,3360935,5498,135931,,,,,
2021/10/1 0:00,Admin,39,IN,25436,7099816,5240,3604718,53.5,5664,3357794,14729,130433,,,,,
2021/9/30 0:00,Admin,39,IN,22304,7074380,4182,3599478,53.5,4948,3352130,13387,115704,,,,,
2021/9/29 0:00,Admin,39,IN,22754,7052076,4336,3595296,53.4,4798,3347182,13854,102317,1,,,,
2021/9/28 0:00,Admin,39,IN,23436,7029322,4390,3590960,53.3,4711,3342384,14575,88463,,,,,
2021/9/27 0:00,Admin,39,IN,21137,7005886,4253,3586570,53.3,2924,3337673,14095,73888,,,,,
2021/9/26 0:00,Admin,39,IN,7528,6984749,2178,3582317,53.2,1875,3334749,3441,59793,,,,,
2021/9/25 0:00,Admin,38,IN,13564,6977221,4466,3580139,53.2,2254,3332874,6826,56352,,,,,
2021/9/24 0:00,Admin,38,IN,17586,6963657,6169,3575673,53.1,5616,3330620,6105,49526,,,,,
2021/9/23 0:00,Admin,38,IN,10212,6946071,3800,3569504,53,5223,3325004,1534,43421,,,,,
2021/9/22 0:00,Admin,38,IN,10673,6935859,4064,3565704,53,5849,3319781,1113,41887,1,,,,
2021/9/21 0:00,Admin,38,IN,11064,6925186,4182,3561640,52.9,5926,3313932,1324,40774,,,,,
2021/9/20 0:00,Admin,38,IN,11739,6914122,4416,3557458,52.8,6375,3308006,1365,39450,,,,,
2021/9/19 0:00,Admin,38,IN,5002,6902383,1790,3553042,52.8,2937,3301631,272,38085,,,,,
2021/9/18 0:00,Admin,37,IN,8844,6897381,3409,3551252,52.8,4959,3298694,584,37813,,,,,
2021/9/17 0:00,Admin,37,IN,14190,6888537,5838,3547843,52.7,7841,3293735,1023,37229,,,,,
2021/9/16 0:00,Admin,37,IN,11738,6874347,4858,3542005,52.6,6544,3285894,985,36206,,,,,
2021/9/15 0:00,Admin,37,IN,12805,6862609,5550,3537147,52.5,6821,3279350,1154,35221,1,,,,
2021/9/14 0:00,Admin,37,IN,12420,6849804,5588,3531597,52.5,6380,3272529,956,34067,,,,,
2021/9/13 0:00,Admin,37,IN,12809,6837384,5650,3526009,52.4,6532,3266149,1157,33111,,,,,
2021/9/12 0:00,Admin,37,IN,5695,6824575,2531,3520359,52.3,2845,3259617,308,31954,,,,,
2021/9/11 0:00,Admin,36,IN,9818,6818880,4535,3517828,52.3,5010,3256772,547,31646,,,,,
2021/9/10 0:00,Admin,36,IN,16508,6809062,8026,3513293,52.2,7839,3251762,1387,31099,,,,,
2021/9/9 0:00,Admin,36,IN,12305,6792554,5832,3505267,52.1,5767,3243923,1259,29712,,,,,
2021/9/8 0:00,Admin,36,IN,12934,6780249,5836,3499435,52,6225,3238156,1181,28453,1,,,,
2021/9/7 0:00,Admin,36,IN,14207,6767315,6086,3493599,51.9,7660,3231931,1099,27272,,,,,
2021/9/6 0:00,Admin,36,IN,2263,6753108,1046,3487513,51.8,974,3224271,227,26173,,,,,
2021/9/5 0:00,Admin,36,IN,3751,6750845,1836,3486467,51.8,1772,3223297,205,25946,,,,,
2021/9/4 0:00,Admin,35,IN,799,6747094,788,3484631,51.8,306,3221525,49,25741,,,,,
2021/9/3 0:00,Admin,35,IN,8932,6746295,4833,3483843,51.7,4088,3221219,871,25692,,,,,
2021/9/2 0:00,Admin,35,IN,12822,6737363,6432,3479010,51.7,5762,3217131,1334,24821,,,,,
2021/9/1 0:00,Admin,35,IN,14917,6724541,7311,3472578,51.6,5970,3211369,2281,23487,1,,,,
2021/8/31 0:00,Admin,35,IN,14544,6709624,7070,3465267,51.5,6579,3205399,1494,21206,,,,,
2021/8/30 0:00,Admin,35,IN,14457,6695080,6762,3458197,51.4,6807,3198820,1408,19712,,,,,
2021/8/29 0:00,Admin,35,IN,6869,6680623,3279,3451435,51.3,3245,3192013,370,18304,,,,,
2021/8/28 0:00,Admin,34,IN,11540,6673754,5542,3448156,51.2,5499,3188768,690,17934,,,,,
2021/8/27 0:00,Admin,34,IN,17620,6662214,9003,3442614,51.1,7717,3183269,1525,17244,,,,,
2021/8/26 0:00,Admin,34,IN,14387,6644594,7513,3433611,51,6042,3175552,1426,15719,,,,,
2021/8/25 0:00,Admin,34,IN,14953,6630207,7813,3426098,50.9,6296,3169510,1438,14293,1,,,,
2021/8/24 0:00,Admin,34,IN,14828,6615254,7707,3418285,50.8,6319,3163214,1394,12855,,,,,
2021/8/23 0:00,Admin,34,IN,14385,6600426,7201,3410578,50.7,6377,3156895,1351,11461,,,,,
2021/8/22 0:00,Admin,34,IN,6239,6586041,3003,3403377,50.6,2845,3150518,399,10110,,,,,
2021/8/21 0:00,Admin,33,IN,10700,6579802,5312,3400374,50.5,4795,3147673,789,9711,,,,,
2021/8/20 0:00,Admin,33,IN,16716,6569102,8841,3395062,50.4,6991,3142878,1532,8922,,,,,
2021/8/19 0:00,Admin,33,IN,13659,6552386,7216,3386221,50.3,5780,3135887,1525,7390,,,,,
2021/8/18 0:00,Admin,33,IN,14348,6538727,7319,3379005,50.2,6091,3130107,1749,5865,1,,,,
2021/8/17 0:00,Admin,33,IN,14191,6524379,7578,3371686,50.1,6044,3124016,1482,4116,,,,,
2021/8/16 0:00,Admin,33,IN,13549,6510188,6884,3364108,50,6029,3117972,1277,2634,,,,,
2021/8/15 0:00,Admin,33,IN,5835,6496639,3070,3357224,49.9,2314,3111943,505,1357,,,,,
2021/8/14 0:00,Admin,32,IN,10301,6490804,5516,3354154,49.8,4409,3109629,583,852,,,,,
2021/8/13 0:00,Admin,32,IN,13944,6480503,7998,3348638,49.7,6303,3105220,269,269,,,,,
2021/8/12 0:00,Admin,32,IN,10888,6466559,6581,3340640,49.6,4725,3098917,0,0,,,,,
2021/8/11 0:00,Admin,32,IN,11094,6455671,6749,3334059,49.5,4734,3094192,0,0,1,,,,
2021/8/10 0:00,Admin,32,IN,11965,6444577,7279,3327310,49.4,5081,3089458,0,0,,,,,
2021/8/9 0:00,Admin,32,IN,12121,6432612,7545,3320031,49.3,4910,3084377,0,0,,,,,
2021/8/8 0:00,Admin,32,IN,5317,6420491,3385,3312486,49.2,1895,3079467,0,0,,,,,
2021/8/7 0:00,Admin,31,IN,9347,6415174,5960,3309101,49.2,3532,3077572,0,0,,,,,
2021/8/6 0:00,Admin,31,IN,13792,6405827,8851,3303141,49.1,5400,3074040,0,0,,,,,
2021/8/5 0:00,Admin,31,IN,11399,6392035,7560,3294290,48.9,4414,3068640,0,0,,,,,
2021/8/4 0:00,Admin,31,IN,11506,6380636,7642,3286730,48.8,4320,3064226,0,0,1,,,,
2021/8/3 0:00,Admin,31,IN,11836,6369130,7876,3279088,48.7,4357,3059906,0,0,,,,,
2021/8/2 0:00,Admin,31,IN,11929,6357294,7726,3271212,48.6,4653,3055549,0,0,,,,,
2021/8/1 0:00,Admin,31,IN,5641,6345365,3580,3263486,48.5,1679,3050896,0,0,,,,,
2021/7/31 0:00,Admin,30,IN,8724,6339724,5290,3259906,48.4,3511,3049217,0,0,,,,,
2021/7/30 0:00,Admin,30,IN,11841,6331000,7503,3254616,48.3,4847,3045706,0,0,,,,,
2021/7/29 0:00,Admin,30,IN,10809,6319159,7112,3247113,48.2,4135,3040859,0,0,,,,,
2021/7/28 0:00,Admin,30,IN,11372,6308350,7246,3240001,48.1,4628,3036724,0,0,1,,,,
2021/7/27 0:00,Admin,30,IN,11142,6296978,7029,3232755,48,4471,3032096,0,0,,,,,
2021/7/26 0:00,Admin,30,IN,10419,6285836,6973,3225726,47.9,3836,3027625,0,0,,,,,
2021/7/25 0:00,Admin,30,IN,3496,6275417,2603,3218753,47.8,898,3023789,0,0,,,,,
2021/7/24 0:00,Admin,29,IN,7495,6271921,4774,3216150,47.8,2874,3022891,0,0,,,,,
2021/7/23 0:00,Admin,29,IN,11523,6264426,7195,3211376,47.7,4627,3020017,0,0,,,,,
2021/7/22 0:00,Admin,29,IN,10263,6252903,6165,3204181,47.6,4457,3015390,0,0,,,,,
2021/7/21 0:00,Admin,29,IN,10868,6242640,6029,3198016,47.5,5136,3010933,0,0,1,,,,
2021/7/20 0:00,Admin,29,IN,10216,6231772,5936,3191987,47.4,4631,3005797,0,0,,,,,
2021/7/19 0:00,Admin,29,IN,10418,6221556,5844,3186051,47.3,4917,3001166,0,0,,,,,
2021/7/18 0:00,Admin,29,IN,3493,6211138,1892,3180207,47.2,1570,2996249,0,0,,,,,
2021/7/17 0:00,Admin,28,IN,6523,6207645,3517,3178315,47.2,3116,2994679,0,0,,,,,
2021/7/16 0:00,Admin,28,IN,10383,6201122,5625,3174798,47.2,5087,2991563,0,0,,,,,
2021/7/15 0:00,Admin,28,IN,8678,6190739,4554,3169173,47.1,4339,2986476,0,0,,,,,
2021/7/14 0:00,Admin,28,IN,9328,6182061,4650,3164619,47,4962,2982137,0,0,1,,,,
2021/7/13 0:00,Admin,28,IN,9220,6172733,4527,3159969,46.9,4905,2977175,0,0,,,,,
2021/7/12 0:00,Admin,28,IN,10249,6163513,5157,3155442,46.9,5505,2972270,0,0,,,,,
2021/7/11 0:00,Admin,28,IN,3334,6153264,1717,3150285,46.8,1645,2966765,0,0,,,,,
2021/7/10 0:00,Admin,27,IN,7418,6149930,3666,3148568,46.8,3897,2965120,0,0,,,,,
2021/7/9 0:00,Admin,27,IN,10055,6142512,4849,3144902,46.7,5647,2961223,0,0,,,,,
2021/7/8 0:00,Admin,27,IN,9607,6132457,4544,3140053,46.6,5507,2955576,0,0,,,,,
2021/7/7 0:00,Admin,27,IN,10478,6122850,4833,3135509,46.6,6036,2950069,0,0,1,,,,
2021/7/6 0:00,Admin,27,IN,10703,6112372,4476,3130676,46.5,6564,2944033,0,0,,,,,
2021/7/5 0:00,Admin,27,IN,6323,6101669,2862,3126200,46.4,3530,2937469,0,0,,,,,
2021/7/4 0:00,Admin,27,IN,620,6095346,290,3123338,46.4,328,2933939,0,0,,,,,
2021/7/3 0:00,Admin,26,IN,4708,6094726,2181,3123048,46.4,2582,2933611,0,0,,,,,
2021/7/2 0:00,Admin,26,IN,9497,6090018,4389,3120867,46.4,5474,2931029,0,0,,,,,
2021/7/1 0:00,Admin,26,IN,10056,6080521,4767,3116478,46.3,5181,2925555,0,0,,,,,
2021/6/30 0:00,Admin,26,IN,11851,6070465,5503,3111711,46.2,6631,2920374,0,0,1,,,,
2021/6/29 0:00,Admin,26,IN,11881,6058614,5335,3106208,46.1,6908,2913743,0,0,,,,,
2021/6/28 0:00,Admin,26,IN,11247,6046733,5322,3100873,46.1,6347,2906835,0,0,,,,,
2021/6/27 0:00,Admin,26,IN,3831,6035486,1749,3095551,46,2134,2900488,0,0,,,,,
2021/6/26 0:00,Admin,25,IN,8231,6031655,3567,3093802,46,4946,2898354,0,0,,,,,
2021/6/25 0:00,Admin,25,IN,12994,6023424,5671,3090235,45.9,7788,2893408,0,0,,,,,
2021/6/24 0:00,Admin,25,IN,11603,6010430,4845,3084564,45.8,7222,2885620,0,0,,,,,
2021/6/23 0:00,Admin,25,IN,12731,5998827,5387,3079719,45.7,7749,2878398,0,0,1,,,,
2021/6/22 0:00,Admin,25,IN,14315,5986096,5614,3074332,45.7,9101,2870649,0,0,,,,,
2021/6/21 0:00,Admin,25,IN,10096,5971781,5310,3068718,45.6,5197,2861548,0,0,,,,,
2021/6/20 0:00,Admin,25,IN,3738,5961685,1623,3063408,45.5,2162,2856351,0,0,,,,,
2021/6/19 0:00,Admin,24,IN,9709,5957947,3878,3061785,45.5,6032,2854189,0,0,,,,,
2021/6/18 0:00,Admin,24,IN,15439,5948238,5903,3057907,45.4,10131,2848157,0,0,,,,,
2021/6/17 0:00,Admin,24,IN,14163,5932799,5150,3052004,45.3,9455,2838026,0,0,,,,,
2021/6/16 0:00,Admin,24,IN,15636,5918636,5817,3046854,45.3,10334,2828571,0,0,1,,,,
2021/6/15 0:00,Admin,24,IN,17844,5903000,6220,3041037,45.2,12127,2818237,0,0,,,,,
2021/6/14 0:00,Admin,24,IN,16079,5885156,5896,3034817,45.1,10770,2806110,0,0,,,,,
2021/6/13 0:00,Admin,24,IN,4484,5869077,1387,3028921,45,3239,2795340,0,0,,,,,
2021/6/12 0:00,Admin,23,IN,13384,5864593,4091,3027534,45,9489,2792101,0,0,,,,,
2021/6/11 0:00,Admin,23,IN,19677,5851209,6649,3023443,44.9,13707,2782612,0,0,,,,,
2021/6/10 0:00,Admin,23,IN,19544,5831532,6670,3016794,44.8,13545,2768905,0,0,,,,,
2021/6/9 0:00,Admin,23,IN,19386,5811988,6659,3010124,44.7,13378,2755360,0,0,1,,,,
2021/6/8 0:00,Admin,23,IN,22866,5792602,7361,3003465,44.6,16091,2741982,0,0,,,,,
2021/6/7 0:00,Admin,23,IN,20622,5769736,6827,2996104,44.5,14359,2725891,0,0,,,,,
2021/6/6 0:00,Admin,23,IN,6416,5749114,2084,2989277,44.4,4400,2711532,0,0,,,,,
2021/6/5 0:00,Admin,22,IN,15168,5742698,5129,2987193,44.4,10276,2707132,0,0,,,,,
2021/6/4 0:00,Admin,22,IN,23157,5727530,7878,2982064,44.3,16047,2696856,0,0,,,,,
2021/6/3 0:00,Admin,22,IN,22024,5704373,7354,2974186,44.2,15308,2680809,0,0,,,,,
2021/6/2 0:00,Admin,22,IN,19140,5682349,7912,2966832,44.1,11959,2665501,0,0,1,,,,
2021/6/1 0:00,Admin,22,IN,25790,5663209,9230,2958920,44,16298,2653542,0,0,,,,,
2021/5/31 0:00,Admin,22,IN,2317,5637419,1000,2949690,43.8,1162,2637244,0,0,,,,,
2021/5/30 0:00,Admin,22,IN,4045,5635102,2196,2948690,43.8,1872,2636082,0,0,,,,,
2021/5/29 0:00,Admin,21,IN,9900,5631057,4920,2946494,43.8,5331,2634210,0,0,,,,,
2021/5/28 0:00,Admin,21,IN,23652,5621157,9449,2941574,43.7,14773,2628879,0,0,,,,,
2021/5/27 0:00,Admin,21,IN,24446,5597505,9870,2932125,43.6,15571,2614106,0,0,,,,,
2021/5/26 0:00,Admin,21,IN,25506,5573059,10393,2922255,43.4,16123,2598535,0,0,1,,,,
2021/5/25 0:00,Admin,21,IN,25621,5547553,10989,2911862,43.3,16135,2582412,0,0,,,,,
2021/5/24 0:00,Admin,21,IN,25716,5521932,11107,2900873,43.1,16188,2566277,0,0,,,,,
2021/5/23 0:00,Admin,21,IN,6346,5496216,3464,2889766,42.9,3153,2550089,0,0,,,,,
2021/5/22 0:00,Admin,20,IN,19761,5489870,9684,2886302,42.9,10706,2546936,0,0,,,,,
2021/5/21 0:00,Admin,20,IN,35254,5470109,14212,2876618,42.7,22196,2536230,0,0,,,,,
2021/5/20 0:00,Admin,20,IN,31885,5434855,13255,2862406,42.5,19590,2514034,0,0,,,,,
2021/5/19 0:00,Admin,20,IN,35805,5402970,14597,2849151,42.3,21968,2494444,0,0,1,,,,
2021/5/18 0:00,Admin,20,IN,36848,5367165,15707,2834554,42.1,21898,2472476,0,0,,,,,
2021/5/17 0:00,Admin,20,IN,35671,5330317,15381,2818847,41.9,21186,2450578,0,0,,,,,
2021/5/16 0:00,Admin,20,IN,13578,5294646,6119,2803466,41.6,7453,2429392,0,0,,,,,
2021/5/15 0:00,Admin,19,IN,29271,5281068,12533,2797347,41.6,16908,2421939,0,0,,,,,
2021/5/14 0:00,Admin,19,IN,42599,5251797,16987,2784814,41.4,26270,2405031,0,0,,,,,
2021/5/13 0:00,Admin,19,IN,46128,5209198,16360,2767827,41.1,30081,2378761,0,0,,,,,
2021/5/12 0:00,Admin,19,IN,42095,5163070,10725,2751467,40.9,31576,2348680,0,0,1,,,,
2021/5/11 0:00,Admin,19,IN,41535,5120975,12167,2740742,40.7,29685,2317104,0,0,,,,,
2021/5/10 0:00,Admin,19,IN,32897,5079440,9930,2728575,40.5,23260,2287419,0,0,,,,,
2021/5/9 0:00,Admin,19,IN,5350,5046543,1676,2718645,40.4,3326,2264159,0,0,,,,,
2021/5/8 0:00,Admin,18,IN,22484,5041193,6809,2716969,40.4,15162,2260833,0,0,,,,,
2021/5/7 0:00,Admin,18,IN,44504,5018709,13498,2710160,40.3,30465,2245671,0,0,,,,,
2021/5/6 0:00,Admin,18,IN,46082,4974205,12965,2696662,40.1,32795,2215206,0,0,,,,,
2021/5/5 0:00,Admin,18,IN,48866,4928123,13333,2683697,39.9,34500,2182411,0,0,1,,,,
2021/5/4 0:00,Admin,18,IN,50799,4879257,14386,2670364,39.7,35605,2147911,0,0,,,,,
2021/5/3 0:00,Admin,18,IN,39358,4828458,11404,2655978,39.5,27453,2112306,0,0,,,,,
2021/5/2 0:00,Admin,18,IN,13872,4789100,2696,2644574,39.3,9718,2084853,0,0,,,,,
2021/5/1 0:00,Admin,17,IN,29766,4775228,8214,2641878,39.2,19147,2075135,0,0,,,,,
2021/4/30 0:00,Admin,17,IN,54223,4745462,18227,2633664,39.1,36216,2055988,0,0,,,,,
2021/4/29 0:00,Admin,17,IN,61771,4691239,17893,2615437,38.8,44554,2019772,0,0,,,,,
2021/4/28 0:00,Admin,17,IN,60099,4629468,17491,2597544,38.6,42781,1975218,0,0,1,,,,
2021/4/27 0:00,Admin,17,IN,53020,4569369,17118,2580053,38.3,37161,1932437,0,0,,,,,
2021/4/26 0:00,Admin,17,IN,45433,4516349,18176,2562935,38.1,29220,1895276,0,0,,,,,
2021/4/25 0:00,Admin,17,IN,10787,4470916,5815,2544759,37.8,6745,1866056,0,0,,,,,
2021/4/24 0:00,Admin,16,IN,30977,4460129,14469,2538944,37.7,18479,1859311,0,0,,,,,
2021/4/23 0:00,Admin,16,IN,45555,4429152,18090,2524475,37.5,26796,1840832,0,0,,,,,
2021/4/22 0:00,Admin,16,IN,54712,4383597,20509,2506385,37.2,33184,1814036,0,0,,,,,
2021/4/21 0:00,Admin,16,IN,57577,4328885,21972,2485876,36.9,34456,1780852,0,0,1,,,,
2021/4/20 0:00,Admin,16,IN,52097,4271308,21957,2463904,36.6,29070,1746396,0,0,,,,,
2021/4/19 0:00,Admin,16,IN,42610,4219211,17856,2441947,36.3,24046,1717326,0,0,,,,,
2021/4/18 0:00,Admin,16,IN,12477,4176601,6684,2424091,36,4954,1693280,0,0,,,,,
2021/4/17 0:00,Admin,15,IN,32249,4164124,17371,2417407,35.9,13462,1688326,0,0,,,,,
2021/4/16 0:00,Admin,15,IN,53683,4131875,26288,2400036,35.6,25732,1674864,0,0,,,,,
2021/4/15 0:00,Admin,15,IN,60885,4078192,28783,2373748,35.3,30450,1649132,0,0,,,,,
2021/4/14 0:00,Admin,15,IN,65665,4017307,33155,2344965,34.8,30640,1618682,0,0,1,,,,
2021/4/13 0:00,Admin,15,IN,65197,3951642,34761,2311810,34.3,28825,1588042,0,0,,,,,
2021/4/12 0:00,Admin,15,IN,53679,3886445,28718,2277049,33.8,26395,1559217,0,0,,,,,
2021/4/11 0:00,Admin,15,IN,19093,3832766,12699,2248331,33.4,6658,1532822,0,0,,,,,
2021/4/10 0:00,Admin,14,IN,47778,3813673,30048,2235632,33.2,23694,1526164,0,0,,,,,
2021/4/9 0:00,Admin,14,IN,67029,3765895,40957,2205584,32.8,29875,1502470,0,0,,,,,
2021/4/8 0:00,Admin,14,IN,75444,3698866,46161,2164627,32.2,32508,1472595,0,0,,,,,
2021/4/7 0:00,Admin,14,IN,78123,3623422,47435,2118466,31.5,32631,1440087,0,0,1,,,,
2021/4/6 0:00,Admin,14,IN,66994,3545299,42349,2071031,30.8,28647,1407456,0,0,,,,,
2021/4/5 0:00,Admin,14,IN,51119,3478305,30350,2028682,30.1,24512,1378809,0,0,,,,,
2021/4/4 0:00,Admin,14,IN,6254,3427186,4136,1998332,29.7,2310,1354297,0,0,,,,,
2021/4/3 0:00,Admin,13,IN,32391,3420932,21235,1994196,29.6,18041,1351987,0,0,,,,,
2021/4/2 0:00,Admin,13,IN,49719,3388541,29976,1972961,29.3,28827,1333946,0,0,,,,,
2021/4/1 0:00,Admin,13,IN,80694,3338822,48316,1942985,28.9,39551,1305119,0,0,,,,,
2021/3/31 0:00,Admin,13,IN,69518,3258128,41746,1894669,28.1,31003,1265568,0,0,1,,,,
2021/3/30 0:00,Admin,13,IN,58096,3188610,32722,1852923,27.5,27507,1234565,0,0,,,,,
2021/3/29 0:00,Admin,13,IN,48456,3130514,25797,1820201,27,23419,1207058,0,0,,,,,
2021/3/28 0:00,Admin,13,IN,9944,3082058,4779,1794404,26.7,5081,1183639,0,0,,,,,
2021/3/27 0:00,Admin,12,IN,30499,3072114,17810,1789625,26.6,16434,1178558,0,0,,,,,
2021/3/26 0:00,Admin,12,IN,52158,3041615,30471,1771815,26.3,25438,1162124,0,0,,,,,
2021/3/25 0:00,Admin,12,IN,61797,2989457,36165,1741344,25.9,28073,1136686,0,0,,,,,
2021/3/24 0:00,Admin,12,IN,61216,2927660,35639,1705179,25.3,27715,1108613,0,0,1,,,,
2021/3/23 0:00,Admin,12,IN,56982,2866444,34207,1669540,24.8,25264,1080898,0,0,,,,,
2021/3/22 0:00,Admin,12,IN,45407,2809462,28846,1635333,24.3,17304,1055634,0,0,,,,,
2021/3/21 0:00,Admin,12,IN,10704,2764055,7023,1606487,23.9,4590,1038330,0,0,,,,,
2021/3/20 0:00,Admin,11,IN,31171,2753351,20601,1599464,23.8,13884,1033740,0,0,,,,,
2021/3/19 0:00,Admin,11,IN,49701,2722180,30823,1578863,23.5,20846,1019856,0,0,,,,,
2021/3/18 0:00,Admin,11,IN,61808,2672479,37157,1548040,23,26424,999010,0,0,,,,,
2021/3/17 0:00,Admin,11,IN,59047,2610671,36892,1510883,22.4,23212,972586,0,0,1,,,,
2021/3/16 0:00,Admin,11,IN,51545,2551624,33235,1473991,21.9,20094,949374,0,0,,,,,
2021/3/15 0:00,Admin,11,IN,42601,2500079,25966,1440756,21.4,17770,929280,0,0,,,,,
2021/3/14 0:00,Admin,11,IN,8833,2457478,5279,1414790,21,4124,911510,0,0,,,,,
2021/3/13 0:00,Admin,10,IN,33719,2448645,20622,1409511,20.9,17587,907386,0,0,,,,,
2021/3/12 0:00,Admin,10,IN,52197,2414926,31108,1388889,20.6,25790,889799,0,0,,,,,
2021/3/11 0:00,Admin,10,IN,55348,2362729,33456,1357781,20.2,24032,864009,0,0,,,,,
2021/3/10 0:00,Admin,10,IN,57294,2307381,31484,1324325,19.7,28755,839977,0,0,1,,,,
2021/3/9 0:00,Admin,10,IN,49642,2250087,29399,1292841,19.2,21821,811222,0,0,,,,,
2021/3/8 0:00,Admin,10,IN,46257,2200445,28048,1263442,18.8,22770,789401,0,0,,,,,
2021/3/7 0:00,Admin,10,IN,12069,2154188,9327,1235394,18.4,6846,766631,0,0,,,,,
2021/3/6 0:00,Admin,9,IN,31949,2142119,20000,1226067,18.2,15933,759785,0,0,,,,,
2021/3/5 0:00,Admin,9,IN,52532,2110170,30362,1206067,17.9,25757,743852,0,0,,,,,
2021/3/4 0:00,Admin,9,IN,55072,2057638,29998,1175705,17.5,24614,718095,0,0,,,,,
2021/3/3 0:00,Admin,9,IN,56215,2002566,28811,1145707,17,26629,693481,0,0,1,,,,
2021/3/2 0:00,Admin,9,IN,48113,1946351,23606,1116896,16.6,23729,666852,0,0,,,,,
2021/3/1 0:00,Admin,9,IN,42903,1898238,20301,1093290,16.2,20797,643123,0,0,,,,,
2021/2/28 0:00,Admin,9,IN,7438,1855335,3936,1072989,15.9,3001,622326,0,0,,,,,
2021/2/27 0:00,Admin,8,IN,24258,1847897,11860,1069053,15.9,12215,619325,0,0,,,,,
2021/2/26 0:00,Admin,8,IN,43844,1823639,20303,1057193,15.7,22941,607110,0,0,,,,,
2021/2/25 0:00,Admin,8,IN,51610,1779795,25001,1036890,15.4,25758,584169,0,0,,,,,
2021/2/24 0:00,Admin,8,IN,47725,1728185,20738,1011889,15,26115,558411,0,0,1,,,,
2021/2/23 0:00,Admin,8,IN,45178,1680460,18259,991151,14.7,24508,532296,0,0,,,,,
2021/2/22 0:00,Admin,8,IN,35968,1635282,12196,972892,14.5,21382,507788,0,0,,,,,
2021/2/21 0:00,Admin,8,IN,6755,1599314,2476,960696,14.3,3762,486406,0,0,,,,,
2021/2/20 0:00,Admin,7,IN,22966,1592559,9629,958220,14.2,12087,482644,0,0,,,,,
2021/2/19 0:00,Admin,7,IN,41017,1569593,14547,948591,14.1,23255,470557,0,0,,,,,
2021/2/18 0:00,Admin,7,IN,43696,1528576,15781,934044,13.9,23071,447302,0,0,,,,,
2021/2/17 0:00,Admin,7,IN,46635,1484880,18218,918263,13.6,24632,424231,0,0,1,,,,
2021/2/16 0:00,Admin,7,IN,18644,1438245,7683,900045,13.4,9571,399599,0,0,,,,,
2021/2/15 0:00,Admin,7,IN,28157,1419601,11788,892362,13.3,13687,390028,0,0,,,,,
2021/2/14 0:00,Admin,7,IN,9095,1391444,4120,880574,13.1,4189,376341,0,0,,,,,
2021/2/13 0:00,Admin,6,IN,27015,1382349,12934,876454,13,11126,372152,0,0,,,,,
2021/2/12 0:00,Admin,6,IN,46879,1355334,20921,863520,12.8,22367,361026,0,0,,,,,
2021/2/11 0:00,Admin,6,IN,47142,1308455,20837,842599,12.5,22037,338659,0,0,,,,,
2021/2/10 0:00,Admin,6,IN,49090,1261313,23597,821762,12.2,21992,316622,0,0,1,,,,
2021/2/9 0:00,Admin,6,IN,44917,1212223,20505,798165,11.9,20723,294630,0,0,,,,,
2021/2/8 0:00,Admin,6,IN,40669,1167306,19052,777660,11.6,18705,273907,0,0,,,,,
2021/2/7 0:00,Admin,6,IN,9612,1126637,3367,758608,11.3,5398,255202,0,0,,,,,
2021/2/6 0:00,Admin,5,IN,25937,1117025,13725,755241,11.2,10160,249804,0,0,,,,,
2021/2/5 0:00,Admin,5,IN,44728,1091088,23487,741516,11,18068,239644,0,0,,,,,
2021/2/4 0:00,Admin,5,IN,49201,1046360,26903,718029,10.7,17888,221576,0,0,,,,,
2021/2/3 0:00,Admin,5,IN,48507,997159,29631,691126,10.3,14655,203688,0,0,1,,,,
2021/2/2 0:00,Admin,5,IN,44858,948652,28112,661495,9.8,12543,189033,0,0,,,,,
2021/2/1 0:00,Admin,5,IN,37517,903794,21770,633383,9.4,12063,176490,0,0,,,,,
2021/1/31 0:00,Admin,5,IN,8203,866277,3403,611613,9.1,3510,164427,0,0,,,,,
2021/1/30 0:00,Admin,4,IN,21721,858074,12203,608210,9,6738,160917,0,0,,,,,
2021/1/29 0:00,Admin,4,IN,44093,836353,22917,596007,8.9,7599,154179,0,0,,,,,
2021/1/28 0:00,Admin,4,IN,40968,792260,25749,573090,8.5,9112,146580,0,0,,,,,
2021/1/27 0:00,Admin,4,IN,40476,751292,25981,547341,8.1,9679,137468,0,0,1,,,,
2021/1/26 0:00,Admin,4,IN,36687,710816,24255,521360,7.7,9065,127789,0,0,,,,,
2021/1/25 0:00,Admin,4,IN,32350,674129,20625,497105,7.4,8989,118724,0,0,,,,,
2021/1/24 0:00,Admin,4,IN,6393,641779,4466,476480,7.1,1598,109735,0,0,,,,,
2021/1/23 0:00,Admin,3,IN,20078,635386,13668,472014,7,4519,108137,0,0,,,,,
2021/1/22 0:00,Admin,3,IN,35746,615308,28703,458346,6.8,3104,103618,0,0,,,,,
2021/1/21 0:00,Admin,3,IN,38306,579562,29629,429643,6.4,4980,100514,0,0,,,,,
2021/1/20 0:00,Admin,3,IN,37017,541256,25544,400014,5.9,8303,95534,0,0,1,,,,
2021/1/19 0:00,Admin,3,IN,36392,504239,24094,374470,5.6,9039,87231,0,0,,,,,
2021/1/18 0:00,Admin,3,IN,28557,467847,16917,350376,5.2,8586,78192,0,0,,,,,
2021/1/17 0:00,Admin,3,IN,8201,439290,5318,333459,5,2519,69606,0,0,,,,,
2021/1/16 0:00,Admin,2,IN,17465,431089,11240,328141,4.9,5130,67087,0,0,,,,,
2021/1/15 0:00,Admin,2,IN,29632,413624,23419,316901,4.7,3479,61957,0,0,,,,,
2021/1/14 0:00,Admin,2,IN,31376,383992,24230,293482,4.4,4357,58478,0,0,,,,,
2021/1/13 0:00,Admin,2,IN,32130,352616,20797,269252,4,8537,54121,0,0,1,,,,
2021/1/12 0:00,Admin,2,IN,28766,320486,17913,248455,3.7,8597,45584,0,0,,,,,
2021/1/11 0:00,Admin,2,IN,27323,291720,15969,230542,3.4,8890,36987,0,0,,,,,
2021/1/10 0:00,Admin,2,IN,7936,264397,4631,214573,3.2,2826,28097,0,0,,,,,
2021/1/9 0:00,Admin,1,IN,15554,256461,7930,209942,3.1,6643,25271,0,0,,,,,
2021/1/8 0:00,Admin,1,IN,22894,240907,11871,202012,3,9455,18628,0,0,,,,,
2021/1/7 0:00,Admin,1,IN,19710,218013,15285,190141,2.8,3202,9173,0,0,,,,,
2021/1/6 0:00,Admin,1,IN,17089,198303,14043,174856,2.6,2022,5971,0,0,1,,,,
2021/1/5 0:00,Admin,1,IN,16754,181214,14232,160813,2.4,1105,3949,0,0,,,,,
2021/1/4 0:00,Admin,1,IN,16171,164460,13646,146581,2.2,657,2844,0,0,,,,,
2021/1/3 0:00,Admin,1,IN,4542,148289,4110,132935,2,68,2187,0,0,,,,,
2021/1/2 0:00,Admin,53,IN,9796,143747,8677,128825,1.9,160,2119,0,0,,,,,
2021/1/1 0:00,Admin,53,IN,2578,133951,2188,120148,1.8,301,1959,0,0,,,,,
2020/12/31 0:00,Admin,53,IN,8004,131373,6602,117960,1.8,194,1658,0,0,,,,,
2020/12/30 0:00,Admin,53,IN,16615,123369,14233,111358,1.7,156,1464,0,0,1,,,,
2020/12/29 0:00,Admin,53,IN,15254,106754,13747,97125,1.4,144,1308,0,0,,,,,
2020/12/28 0:00,Admin,53,IN,13915,91500,12745,83378,1.2,163,1164,0,0,,,,,
2020/12/27 0:00,Admin,53,IN,3337,77585,3043,70633,1,40,1001,0,0,,,,,
2020/12/26 0:00,Admin,52,IN,6442,74248,5818,67590,1,80,961,0,0,,,,,
2020/12/25 0:00,Admin,52,IN,28,67806,22,61772,0.9,12,881,0,0,,,,,
2020/12/24 0:00,Admin,52,IN,1914,67778,1901,61750,0.9,15,869,0,0,,,,,
2020/12/23 0:00,Admin,52,IN,11611,65864,10712,59849,0.9,93,854,0,0,1,,,,
2020/12/22 0:00,Admin,52,IN,10446,54253,9744,49137,0.7,83,761,0,0,,,,,
2020/12/21 0:00,Admin,52,IN,10751,43807,9832,39393,0.6,89,678,0,0,,,,,
2020/12/20 0:00,Admin,52,IN,3282,33056,3004,29561,0.4,46,589,0,0,,,,,
2020/12/19 0:00,Admin,51,IN,8833,29774,8096,26557,0.4,83,543,0,0,,,,,
2020/12/18 0:00,Admin,51,IN,12392,20941,11239,18461,0.3,81,460,0,0,,,,,
2020/12/17 0:00,Admin,51,IN,3047,8549,2717,7222,0.1,12,379,0,0,,,,,
2020/12/16 0:00,Admin,51,IN,2669,5502,2213,4505,0.1,4,367,0,0,1,,,,
2020/12/15 0:00,Admin,51,IN,935,2833,701,2292,0,8,363,0,0,,,,,
2020/12/14 0:00,Admin,51,IN,117,1898,89,1591,0,5,355,0,0,,,,,
2020/12/13 0:00,Admin,51,IN,1781,1781,1502,1502,0,350,350,0,0,,,,,
